OrderDate,SalesAmount
2022-01-01,960
2022-01-01,1394
2022-01-01,1230
2022-01-01,1195
2022-01-01,1824
2022-01-01,1144
2022-01-02,566
2022-01-02,1338
2022-01-02,430
2022-01-02,1582
2022-01-03,1223
2022-01-03,971
2022-01-03,1787
2022-01-03,230
2022-01-03,1785
2022-01-03,1432
2022-01-03,869
2022-01-04,1537
2022-01-04,905
2022-01-04,485
2022-01-04,1315
2022-01-04,1055
2022-01-04,376
2022-01-05,559
2022-01-05,1437
2022-01-05,121
2022-01-06,847
2022-01-06,956
2022-01-06,1684
2022-01-06,574
2022-01-06,1182
2022-01-06,610
2022-01-06,1805
2022-01-07,799
2022-01-07,1075
2022-01-07,1906
2022-01-07,289
2022-01-07,1057
2022-01-07,786
2022-01-08,1999
2022-01-08,1690
2022-01-08,1367
2022-01-08,931
2022-01-08,1628
2022-01-09,1608
2022-01-09,1942
2022-01-09,746
2022-01-09,120
2022-01-09,940
2022-01-10,487
2022-01-10,700
2022-01-10,415
2022-01-10,113
2022-01-11,876
2022-01-11,1469
2022-01-11,664
2022-01-11,997
2022-01-12,191
2022-01-12,1490
2022-01-12,1055
2022-01-12,1578
2022-01-12,1551
2022-01-12,608
2022-01-13,305
2022-01-13,1204
2022-01-13,1685
2022-01-13,1995
2022-01-13,1511
2022-01-14,1121
2022-01-14,1513
2022-01-14,665
2022-01-14,1229
2022-01-15,1945
2022-01-15,1600
2022-01-15,802
2022-01-15,501
2022-01-15,829
2022-01-15,1679
2022-01-16,301
2022-01-16,1095
2022-01-16,369
2022-01-16,1986
2022-01-17,1116
2022-01-17,1825
2022-01-17,395
2022-01-17,1848
2022-01-17,819
2022-01-17,1872
2022-01-18,978
2022-01-18,1176
2022-01-18,891
2022-01-18,316
2022-01-19,287
2022-01-19,479
2022-01-19,592
2022-01-19,1164
2022-01-19,1280
2022-01-19,114
2022-01-20,164
2022-01-20,1980
2022-01-20,1962
2022-01-20,620
2022-01-20,1467
2022-01-20,1252
2022-01-20,747
2022-01-21,1622
2022-01-21,692
2022-01-21,491
2022-01-21,1798
2022-01-21,518
2022-01-22,478
2022-01-22,1896
2022-01-22,1613
2022-01-23,140
2022-01-23,1151
2022-01-23,234
2022-01-23,300
2022-01-24,1029
2022-01-24,1156
2022-01-24,1171
2022-01-24,602
2022-01-24,506
2022-01-24,1697
2022-01-25,198
2022-01-25,783
2022-01-25,1995
2022-01-25,825
2022-01-25,1670
2022-01-25,1060
2022-01-25,1862
2022-01-26,1585
2022-01-26,742
2022-01-26,1892
2022-01-26,1128
2022-01-26,1341
2022-01-26,602
2022-01-26,866
2022-01-27,492
2022-01-27,306
2022-01-27,1138
2022-01-27,1981
2022-01-27,1677
2022-01-28,1584
2022-01-28,1814
2022-01-28,1698
2022-01-28,963
2022-01-28,842
2022-01-28,1364
2022-01-29,1120
2022-01-29,195
2022-01-29,1857
2022-01-29,584
2022-01-29,1530
2022-01-29,330
2022-01-30,1778
2022-01-30,1294
2022-01-30,640
2022-01-30,1159
2022-01-30,624
2022-01-30,1283
2022-01-30,1962
2022-01-31,1366
2022-01-31,1209
2022-01-31,1919
2022-01-31,677
2022-01-31,781
2022-02-01,1697
2022-02-01,1112
2022-02-01,745
2022-02-01,895
2022-02-01,1151
2022-02-01,1743
2022-02-01,1679
2022-02-02,1921
2022-02-02,1454
2022-02-02,1763
2022-02-02,1629
2022-02-02,1471
2022-02-02,1596
2022-02-03,1508
2022-02-03,1500
2022-02-03,1406
2022-02-04,727
2022-02-04,1072
2022-02-04,1868
2022-02-05,1482
2022-02-05,809
2022-02-05,1579
2022-02-05,1534
2022-02-05,748
2022-02-06,1348
2022-02-06,1942
2022-02-06,1357
2022-02-06,783
2022-02-06,763
2022-02-06,1950
2022-02-06,1497
2022-02-07,1815
2022-02-07,1236
2022-02-07,1953
2022-02-08,541
2022-02-08,663
2022-02-08,1391
2022-02-09,1510
2022-02-09,1236
2022-02-09,1736
2022-02-09,1748
2022-02-10,798
2022-02-10,212
2022-02-10,101
2022-02-11,319
2022-02-11,1689
2022-02-11,954
2022-02-11,1859
2022-02-12,484
2022-02-12,1526
2022-02-12,1761
2022-02-13,1176
2022-02-13,1807
2022-02-13,829
2022-02-13,1795
2022-02-14,1562
2022-02-14,302
2022-02-14,1307
2022-02-14,222
2022-02-14,500
2022-02-14,866
2022-02-15,983
2022-02-15,1733
2022-02-15,297
2022-02-15,1081
2022-02-15,1634
2022-02-15,851
2022-02-15,243
2022-02-16,1324
2022-02-16,1247
2022-02-16,286
2022-02-17,1894
2022-02-17,759
2022-02-17,863
2022-02-17,1054
2022-02-17,502
2022-02-17,1469
2022-02-17,1634
2022-02-18,1271
2022-02-18,963
2022-02-18,1834
2022-02-18,1943
2022-02-18,588
2022-02-19,1763
2022-02-19,650
2022-02-19,437
2022-02-20,1902
2022-02-20,572
2022-02-20,250
2022-02-21,1734
2022-02-21,362
2022-02-21,1887
2022-02-21,243
2022-02-22,723
2022-02-22,1116
2022-02-22,1695
2022-02-22,980
2022-02-23,996
2022-02-23,1427
2022-02-23,353
2022-02-23,1775
2022-02-24,1160
2022-02-24,1283
2022-02-24,1114
2022-02-24,108
2022-02-24,1356
2022-02-24,1222
2022-02-24,1782
2022-02-25,503
2022-02-25,251
2022-02-25,153
2022-02-25,1243
2022-02-25,1796
2022-02-26,686
2022-02-26,1748
2022-02-26,1543
2022-02-26,1545
2022-02-26,203
2022-02-26,1975
2022-02-27,1235
2022-02-27,609
2022-02-27,1596
2022-02-27,198
2022-02-27,252
2022-02-28,1013
2022-02-28,977
2022-02-28,437
2022-02-28,1829
2022-02-28,921
2022-02-28,1286
2022-02-28,1843
2022-03-01,1804
2022-03-01,260
2022-03-01,1703
2022-03-01,900
2022-03-01,497
2022-03-01,1400
2022-03-01,915
2022-03-02,1627
2022-03-02,1515
2022-03-02,1258
2022-03-02,1318
2022-03-02,500
2022-03-02,739
2022-03-03,787
2022-03-03,559
2022-03-03,1054
2022-03-04,569
2022-03-04,1498
2022-03-04,1145
2022-03-04,849
2022-03-04,1793
2022-03-05,662
2022-03-05,537
2022-03-05,1899
2022-03-05,1406
2022-03-05,126
2022-03-05,325
2022-03-05,1400
2022-03-06,383
2022-03-06,978
2022-03-06,1059
2022-03-07,552
2022-03-07,1119
2022-03-07,1952
2022-03-08,1639
2022-03-08,646
2022-03-08,1315
2022-03-08,1172
2022-03-08,1635
2022-03-09,1295
2022-03-09,1343
2022-03-09,257
2022-03-10,1169
2022-03-10,1496
2022-03-10,617
2022-03-10,198
2022-03-10,1868
2022-03-10,1160
2022-03-10,379
2022-03-11,596
2022-03-11,401
2022-03-11,280
2022-03-11,706
2022-03-11,1222
2022-03-11,799
2022-03-11,1092
2022-03-12,290
2022-03-12,352
2022-03-12,1080
2022-03-12,1027
2022-03-12,1284
2022-03-12,1379
2022-03-13,227
2022-03-13,117
2022-03-13,1916
2022-03-13,1858
2022-03-13,665
2022-03-14,1446
2022-03-14,1995
2022-03-14,785
2022-03-14,1915
2022-03-15,1411
2022-03-15,953
2022-03-15,1786
2022-03-15,1061
2022-03-16,589
2022-03-16,1509
2022-03-16,884
2022-03-16,1227
2022-03-16,1516
2022-03-17,345
2022-03-17,1299
2022-03-17,1162
2022-03-17,1600
2022-03-17,1805
2022-03-18,1990
2022-03-18,1941
2022-03-18,1020
2022-03-18,507
2022-03-19,927
2022-03-19,1629
2022-03-19,1002
2022-03-19,1948
2022-03-19,135
2022-03-19,784
2022-03-19,119
2022-03-20,1899
2022-03-20,611
2022-03-20,499
2022-03-21,570
2022-03-21,1266
2022-03-21,1215
2022-03-21,1477
2022-03-21,933
2022-03-21,1923
2022-03-22,1788
2022-03-22,1821
2022-03-22,674
2022-03-22,1313
2022-03-22,1248
2022-03-23,669
2022-03-23,1465
2022-03-23,404
2022-03-23,1815
2022-03-24,937
2022-03-24,1906
2022-03-24,1177
2022-03-24,1102
2022-03-25,712
2022-03-25,1092
2022-03-25,363
2022-03-25,1176
2022-03-25,1695
2022-03-25,1103
2022-03-26,104
2022-03-26,1226
2022-03-26,1319
2022-03-26,873
2022-03-26,976
2022-03-26,1091
2022-03-27,1473
2022-03-27,146
2022-03-27,966
2022-03-27,922
2022-03-27,1035
2022-03-27,1943
2022-03-28,469
2022-03-28,735
2022-03-28,1229
2022-03-28,1793
2022-03-28,1782
2022-03-28,756
2022-03-28,219
2022-03-29,1727
2022-03-29,1181
2022-03-29,1469
2022-03-29,840
2022-03-29,1597
2022-03-30,1953
2022-03-30,890
2022-03-30,1250
2022-03-30,1516
2022-03-30,1112
2022-03-30,1764
2022-03-30,1181
2022-03-31,612
2022-03-31,1874
2022-03-31,901
2022-03-31,1219
2022-04-01,587
2022-04-01,1360
2022-04-01,996
2022-04-02,803
2022-04-02,1570
2022-04-02,680
2022-04-02,889
2022-04-02,960
2022-04-02,346
2022-04-02,1199
2022-04-03,1779
2022-04-03,1558
2022-04-03,1096
2022-04-03,1209
2022-04-04,1408
2022-04-04,1343
2022-04-04,1192
2022-04-05,193
2022-04-05,1873
2022-04-05,1057
2022-04-06,552
2022-04-06,1327
2022-04-06,1011
2022-04-06,317
2022-04-06,573
2022-04-06,531
2022-04-07,650
2022-04-07,1735
2022-04-07,1412
2022-04-07,1377
2022-04-07,1857
2022-04-07,456
2022-04-07,122
2022-04-08,621
2022-04-08,1881
2022-04-08,1960
2022-04-08,1223
2022-04-09,1303
2022-04-09,1346
2022-04-09,861
2022-04-09,1782
2022-04-10,1731
2022-04-10,868
2022-04-10,1115
2022-04-10,1448
2022-04-11,615
2022-04-11,1139
2022-04-11,891
2022-04-11,435
2022-04-11,1882
2022-04-11,357
2022-04-11,596
2022-04-12,995
2022-04-12,259
2022-04-12,1598
2022-04-12,951
2022-04-12,1787
2022-04-12,789
2022-04-13,479
2022-04-13,1668
2022-04-13,1056
2022-04-13,790
2022-04-13,1550
2022-04-14,1391
2022-04-14,1958
2022-04-14,1700
2022-04-14,1540
2022-04-14,1291
2022-04-14,1965
2022-04-14,1166
2022-04-15,384
2022-04-15,496
2022-04-15,111
2022-04-15,1730
2022-04-15,1425
2022-04-15,1376
2022-04-16,853
2022-04-16,134
2022-04-16,826
2022-04-16,948
2022-04-16,189
2022-04-17,1069
2022-04-17,1725
2022-04-17,1121
2022-04-17,517
2022-04-17,214
2022-04-17,716
2022-04-17,1319
2022-04-18,1624
2022-04-18,1749
2022-04-18,1616
2022-04-18,1198
2022-04-19,1499
2022-04-19,1543
2022-04-19,828
2022-04-19,1400
2022-04-19,1120
2022-04-19,860
2022-04-19,775
2022-04-20,1992
2022-04-20,556
2022-04-20,1019
2022-04-20,291
2022-04-21,1812
2022-04-21,1222
2022-04-21,1671
2022-04-21,1077
2022-04-21,1108
2022-04-22,1903
2022-04-22,1492
2022-04-22,1818
2022-04-22,1648
2022-04-22,378
2022-04-22,316
2022-04-22,966
2022-04-23,1921
2022-04-23,1396
2022-04-23,161
2022-04-24,828
2022-04-24,1465
2022-04-24,496
2022-04-24,798
2022-04-24,1142
2022-04-24,276
2022-04-25,495
2022-04-25,544
2022-04-25,1356
2022-04-25,175
2022-04-25,364
2022-04-25,554
2022-04-26,817
2022-04-26,834
2022-04-26,1507
2022-04-26,1687
2022-04-26,950
2022-04-26,1629
2022-04-27,1192
2022-04-27,1222
2022-04-27,495
2022-04-27,1148
2022-04-27,1047
2022-04-27,990
2022-04-27,1592
2022-04-28,1688
2022-04-28,1274
2022-04-28,1267
2022-04-28,668
2022-04-28,1162
2022-04-28,208
2022-04-29,1165
2022-04-29,1309
2022-04-29,1034
2022-04-29,497
2022-04-29,1346
2022-04-29,733
2022-04-29,1256
2022-04-30,1338
2022-04-30,832
2022-04-30,334
2022-04-30,1966
2022-04-30,757
2022-05-01,1132
2022-05-01,1197
2022-05-01,1053
2022-05-01,591
2022-05-01,1012
2022-05-01,1376
2022-05-02,1291
2022-05-02,269
2022-05-02,1516
2022-05-02,1045
2022-05-02,894
2022-05-02,733
2022-05-02,1317
2022-05-03,128
2022-05-03,1288
2022-05-03,1545
2022-05-03,438
2022-05-03,1771
2022-05-03,1619
2022-05-03,1488
2022-05-04,1465
2022-05-04,599
2022-05-04,1780
2022-05-05,1424
2022-05-05,1255
2022-05-05,1927
2022-05-06,1538
2022-05-06,1910
2022-05-06,544
2022-05-06,975
2022-05-06,1305
2022-05-06,266
2022-05-07,813
2022-05-07,1981
2022-05-07,1654
2022-05-07,138
2022-05-07,1249
2022-05-08,272
2022-05-08,752
2022-05-08,853
2022-05-08,1343
2022-05-08,1761
2022-05-09,1783
2022-05-09,575
2022-05-09,555
2022-05-09,928
2022-05-10,1124
2022-05-10,486
2022-05-10,447
2022-05-11,1314
2022-05-11,1631
2022-05-11,1492
2022-05-12,923
2022-05-12,1028
2022-05-12,1033
2022-05-13,233
2022-05-13,157
2022-05-13,1679
2022-05-13,784
2022-05-13,771
2022-05-13,272
2022-05-13,1952
2022-05-14,179
2022-05-14,985
2022-05-14,1336
2022-05-14,302
2022-05-14,863
2022-05-14,1352
2022-05-14,1799
2022-05-15,1782
2022-05-15,1655
2022-05-15,1564
2022-05-15,1525
2022-05-15,146
2022-05-16,1428
2022-05-16,1649
2022-05-16,1266
2022-05-17,1496
2022-05-17,1689
2022-05-17,1382
2022-05-18,1070
2022-05-18,1135
2022-05-18,1453
2022-05-19,1531
2022-05-19,767
2022-05-19,472
2022-05-19,1131
2022-05-19,1245
2022-05-19,1471
2022-05-20,189
2022-05-20,1771
2022-05-20,797
2022-05-20,1439
2022-05-20,1301
2022-05-20,639
2022-05-21,968
2022-05-21,140
2022-05-21,839
2022-05-21,1827
2022-05-21,601
2022-05-21,1058
2022-05-22,1324
2022-05-22,1028
2022-05-22,1847
2022-05-23,831
2022-05-23,851
2022-05-23,1024
2022-05-23,1008
2022-05-23,1681
2022-05-23,1670
2022-05-23,1376
2022-05-24,982
2022-05-24,355
2022-05-24,808
2022-05-24,1938
2022-05-25,549
2022-05-25,109
2022-05-25,923
2022-05-26,1374
2022-05-26,976
2022-05-26,1128
2022-05-26,1242
2022-05-27,473
2022-05-27,1188
2022-05-27,245
2022-05-28,1902
2022-05-28,952
2022-05-28,1405
2022-05-29,1977
2022-05-29,926
2022-05-29,894
2022-05-30,1584
2022-05-30,1733
2022-05-30,204
2022-05-31,610
2022-05-31,484
2022-05-31,504
2022-05-31,922
2022-05-31,617
2022-06-01,808
2022-06-01,1986
2022-06-01,1768
2022-06-01,1993
2022-06-01,870
2022-06-01,1560
2022-06-02,1688
2022-06-02,776
2022-06-02,813
2022-06-02,1581
2022-06-02,182
2022-06-02,1268
2022-06-02,1208
2022-06-03,100
2022-06-03,150
2022-06-03,784
2022-06-04,1895
2022-06-04,1569
2022-06-04,548
2022-06-04,980
2022-06-04,587
2022-06-04,1923
2022-06-04,133
2022-06-05,194
2022-06-05,1195
2022-06-05,1674
2022-06-05,253
2022-06-05,349
2022-06-05,773
2022-06-06,1429
2022-06-06,367
2022-06-06,1177
2022-06-06,335
2022-06-06,488
2022-06-07,1948
2022-06-07,500
2022-06-07,723
2022-06-07,866
2022-06-07,1426
2022-06-08,952
2022-06-08,677
2022-06-08,174
2022-06-08,534
2022-06-08,202
2022-06-08,1545
2022-06-08,1827
2022-06-09,837
2022-06-09,905
2022-06-09,1429
2022-06-09,197
2022-06-09,1973
2022-06-09,897
2022-06-10,534
2022-06-10,546
2022-06-10,1431
2022-06-10,348
2022-06-10,265
2022-06-11,1083
2022-06-11,1458
2022-06-11,1119
2022-06-12,1686
2022-06-12,180
2022-06-12,232
2022-06-12,896
2022-06-13,237
2022-06-13,283
2022-06-13,1524
2022-06-13,1453
2022-06-13,884
2022-06-13,1631
2022-06-14,1083
2022-06-14,168
2022-06-14,645
2022-06-14,1897
2022-06-14,152
2022-06-14,1573
2022-06-15,225
2022-06-15,1870
2022-06-15,142
2022-06-15,1875
2022-06-15,210
2022-06-15,860
2022-06-15,1786
2022-06-16,1497
2022-06-16,1643
2022-06-16,999
2022-06-16,459
2022-06-16,999
2022-06-17,1318
2022-06-17,1987
2022-06-17,1318
2022-06-18,192
2022-06-18,771
2022-06-18,160
2022-06-18,733
2022-06-18,1174
2022-06-19,1912
2022-06-19,1128
2022-06-19,1589
2022-06-19,703
2022-06-19,781
2022-06-20,633
2022-06-20,1528
2022-06-20,937
2022-06-20,1636
2022-06-20,744
2022-06-20,332
2022-06-20,623
2022-06-21,1169
2022-06-21,645
2022-06-21,1201
2022-06-21,1853
2022-06-22,1196
2022-06-22,893
2022-06-22,348
2022-06-22,146
2022-06-22,1244
2022-06-22,313
2022-06-22,338
2022-06-23,930
2022-06-23,147
2022-06-23,1696
2022-06-23,436
2022-06-23,1149
2022-06-24,1380
2022-06-24,107
2022-06-24,724
2022-06-24,1990
2022-06-24,1376
2022-06-24,1815
2022-06-25,127
2022-06-25,177
2022-06-25,1339
2022-06-25,1509
2022-06-26,765
2022-06-26,625
2022-06-26,798
2022-06-26,1435
2022-06-26,982
2022-06-26,1130
2022-06-26,1126
2022-06-27,1874
2022-06-27,1631
2022-06-27,1397
2022-06-27,1629
2022-06-27,905
2022-06-28,1138
2022-06-28,1315
2022-06-28,1754
2022-06-28,584
2022-06-28,127
2022-06-29,1162
2022-06-29,1396
2022-06-29,1354
2022-06-29,185
2022-06-30,225
2022-06-30,911
2022-06-30,636
2022-06-30,244
2022-07-01,1335
2022-07-01,124
2022-07-01,1703
2022-07-01,1517
2022-07-01,166
2022-07-01,332
2022-07-01,208
2022-07-02,210
2022-07-02,327
2022-07-02,210
2022-07-02,1593
2022-07-03,722
2022-07-03,1899
2022-07-03,1492
2022-07-03,847
2022-07-04,1677
2022-07-04,524
2022-07-04,712
2022-07-04,1641
2022-07-04,791
2022-07-05,1443
2022-07-05,1861
2022-07-05,1566
2022-07-05,414
2022-07-06,1864
2022-07-06,1500
2022-07-06,1412
2022-07-06,1560
2022-07-06,761
2022-07-06,376
2022-07-06,1833
2022-07-07,1473
2022-07-07,942
2022-07-07,1569
2022-07-07,1953
2022-07-07,449
2022-07-07,1730
2022-07-08,858
2022-07-08,998
2022-07-08,342
2022-07-09,647
2022-07-09,1019
2022-07-09,1346
2022-07-09,105
2022-07-09,1445
2022-07-09,567
2022-07-09,1855
2022-07-10,103
2022-07-10,1970
2022-07-10,745
2022-07-10,217
2022-07-10,980
2022-07-11,673
2022-07-11,1564
2022-07-11,293
2022-07-11,946
2022-07-11,814
2022-07-12,1558
2022-07-12,272
2022-07-12,1423
2022-07-12,1768
2022-07-13,1241
2022-07-13,935
2022-07-13,1910
2022-07-13,823
2022-07-14,631
2022-07-14,212
2022-07-14,239
2022-07-15,189
2022-07-15,753
2022-07-15,419
2022-07-16,238
2022-07-16,1634
2022-07-16,1991
2022-07-16,944
2022-07-16,358
2022-07-16,1796
2022-07-16,1001
2022-07-17,109
2022-07-17,360
2022-07-17,1773
2022-07-17,271
2022-07-18,112
2022-07-18,1291
2022-07-18,1765
2022-07-18,1719
2022-07-19,1442
2022-07-19,1736
2022-07-19,428
2022-07-20,876
2022-07-20,1010
2022-07-20,1673
2022-07-21,1729
2022-07-21,1218
2022-07-21,1940
2022-07-21,1704
2022-07-21,417
2022-07-22,335
2022-07-22,433
2022-07-22,475
2022-07-22,1582
2022-07-22,1260
2022-07-22,687
2022-07-23,1670
2022-07-23,612
2022-07-23,1419
2022-07-23,1443
2022-07-23,1017
2022-07-24,1955
2022-07-24,1472
2022-07-24,1963
2022-07-24,1902
2022-07-24,972
2022-07-24,1352
2022-07-25,897
2022-07-25,1414
2022-07-25,824
2022-07-25,1288
2022-07-25,104
2022-07-25,950
2022-07-26,177
2022-07-26,1533
2022-07-26,673
2022-07-26,231
2022-07-26,700
2022-07-27,1165
2022-07-27,188
2022-07-27,501
2022-07-27,395
2022-07-27,1963
2022-07-27,1418
2022-07-27,715
2022-07-28,1760
2022-07-28,521
2022-07-28,1988
2022-07-28,1146
2022-07-28,674
2022-07-29,764
2022-07-29,244
2022-07-29,1348
2022-07-30,920
2022-07-30,1739
2022-07-30,203
2022-07-30,1162
2022-07-31,297
2022-07-31,1769
2022-07-31,678
2022-07-31,490
2022-07-31,1302
2022-08-01,1571
2022-08-01,1623
2022-08-01,1138
2022-08-01,1746
2022-08-02,1412
2022-08-02,577
2022-08-02,1354
2022-08-02,1022
2022-08-02,519
2022-08-02,256
2022-08-02,649
2022-08-03,1220
2022-08-03,1120
2022-08-03,1096
2022-08-04,1050
2022-08-04,388
2022-08-04,1377
2022-08-04,295
2022-08-04,697
2022-08-05,1645
2022-08-05,616
2022-08-05,1758
2022-08-05,1965
2022-08-06,1241
2022-08-06,905
2022-08-06,1282
2022-08-07,315
2022-08-07,1047
2022-08-07,1819
2022-08-07,114
2022-08-07,1280
2022-08-07,1771
2022-08-08,1280
2022-08-08,146
2022-08-08,423
2022-08-08,943
2022-08-08,1808
2022-08-08,229
2022-08-08,1534
2022-08-09,854
2022-08-09,1415
2022-08-09,893
2022-08-09,1934
2022-08-09,1406
2022-08-10,1783
2022-08-10,110
2022-08-10,1377
2022-08-10,1965
2022-08-10,971
2022-08-10,649
2022-08-10,1257
2022-08-11,401
2022-08-11,462
2022-08-11,495
2022-08-11,317
2022-08-12,1739
2022-08-12,1057
2022-08-12,1333
2022-08-12,1084
2022-08-12,1092
2022-08-12,1746
2022-08-12,1739
2022-08-13,782
2022-08-13,1583
2022-08-13,1103
2022-08-13,455
2022-08-13,1107
2022-08-13,1447
2022-08-14,987
2022-08-14,1928
2022-08-14,1963
2022-08-14,226
2022-08-14,1229
2022-08-14,1108
2022-08-14,703
2022-08-15,1113
2022-08-15,150
2022-08-15,1152
2022-08-15,1585
2022-08-16,1849
2022-08-16,878
2022-08-16,1530
2022-08-17,913
2022-08-17,1736
2022-08-17,1528
2022-08-18,1745
2022-08-18,519
2022-08-18,1305
2022-08-18,1082
2022-08-19,1124
2022-08-19,1954
2022-08-19,666
2022-08-20,1035
2022-08-20,760
2022-08-20,1554
2022-08-20,1068
2022-08-20,1432
2022-08-21,301
2022-08-21,1559
2022-08-21,412
2022-08-22,1789
2022-08-22,1036
2022-08-22,1926
2022-08-22,674
2022-08-22,343
2022-08-22,636
2022-08-22,1725
2022-08-23,1929
2022-08-23,485
2022-08-23,1333
2022-08-23,574
2022-08-23,517
2022-08-24,1652
2022-08-24,739
2022-08-24,1038
2022-08-24,1054
2022-08-24,975
2022-08-25,1302
2022-08-25,1305
2022-08-25,763
2022-08-25,124
2022-08-25,1303
2022-08-26,1979
2022-08-26,1284
2022-08-26,276
2022-08-26,384
2022-08-26,162
2022-08-26,1102
2022-08-26,761
2022-08-27,255
2022-08-27,1592
2022-08-27,1172
2022-08-27,1066
2022-08-28,1207
2022-08-28,1484
2022-08-28,788
2022-08-29,1753
2022-08-29,441
2022-08-29,575
2022-08-29,1186
2022-08-29,1824
2022-08-29,1483
2022-08-30,426
2022-08-30,1892
2022-08-30,1859
2022-08-31,1089
2022-08-31,314
2022-08-31,534
2022-08-31,1051
2022-08-31,822
2022-08-31,1441
2022-08-31,131
2022-09-01,1428
2022-09-01,528
2022-09-01,1600
2022-09-01,385
2022-09-01,1267
2022-09-01,1547
2022-09-01,1142
2022-09-02,868
2022-09-02,689
2022-09-02,1494
2022-09-02,1298
2022-09-03,293
2022-09-03,601
2022-09-03,1087
2022-09-03,1236
2022-09-04,1345
2022-09-04,1801
2022-09-04,1046
2022-09-04,930
2022-09-05,1387
2022-09-05,1024
2022-09-05,154
2022-09-05,1994
2022-09-05,1766
2022-09-05,899
2022-09-06,1581
2022-09-06,261
2022-09-06,1503
2022-09-06,186
2022-09-07,1923
2022-09-07,1301
2022-09-07,1514
2022-09-07,1472
2022-09-07,1131
2022-09-07,932
2022-09-08,858
2022-09-08,1958
2022-09-08,542
2022-09-09,427
2022-09-09,1177
2022-09-09,860
2022-09-09,1362
2022-09-09,1352
2022-09-09,678
2022-09-09,1174
2022-09-10,1727
2022-09-10,1106
2022-09-10,1387
2022-09-11,1926
2022-09-11,195
2022-09-11,1211
2022-09-11,1201
2022-09-12,551
2022-09-12,1623
2022-09-12,264
2022-09-12,281
2022-09-12,568
2022-09-13,106
2022-09-13,429
2022-09-13,874
2022-09-13,1796
2022-09-14,246
2022-09-14,1747
2022-09-14,1504
2022-09-14,1014
2022-09-14,1671
2022-09-14,1408
2022-09-14,799
2022-09-15,613
2022-09-15,914
2022-09-15,808
2022-09-15,1646
2022-09-16,1122
2022-09-16,1509
2022-09-16,806
2022-09-16,570
2022-09-17,1655
2022-09-17,360
2022-09-17,904
2022-09-17,1033
2022-09-17,1379
2022-09-17,1857
2022-09-18,1349
2022-09-18,1176
2022-09-18,1039
2022-09-19,1623
2022-09-19,1629
2022-09-19,953
2022-09-19,1487
2022-09-19,1403
2022-09-20,813
2022-09-20,1281
2022-09-20,731
2022-09-21,1850
2022-09-21,227
2022-09-21,835
2022-09-21,820
2022-09-21,1238
2022-09-22,625
2022-09-22,620
2022-09-22,651
2022-09-23,336
2022-09-23,1404
2022-09-23,1482
2022-09-23,1324
2022-09-24,593
2022-09-24,103
2022-09-24,765
2022-09-24,541
2022-09-24,128
2022-09-25,709
2022-09-25,1850
2022-09-25,904
2022-09-25,174
2022-09-25,937
2022-09-25,1269
2022-09-25,227
2022-09-26,141
2022-09-26,1479
2022-09-26,140
2022-09-26,1033
2022-09-26,133
2022-09-26,1140
2022-09-26,1800
2022-09-27,1097
2022-09-27,1501
2022-09-27,687
2022-09-28,1997
2022-09-28,441
2022-09-28,126
2022-09-28,1948
2022-09-28,1410
2022-09-28,745
2022-09-28,830
2022-09-29,367
2022-09-29,1872
2022-09-29,920
2022-09-29,554
2022-09-30,1808
2022-09-30,1524
2022-09-30,1021
2022-09-30,1080
2022-10-01,801
2022-10-01,733
2022-10-01,1681
2022-10-01,1699
2022-10-01,229
2022-10-01,1119
2022-10-02,1828
2022-10-02,918
2022-10-02,792
2022-10-02,1415
2022-10-02,1494
2022-10-03,128
2022-10-03,248
2022-10-03,1902
2022-10-03,1419
2022-10-04,1635
2022-10-04,775
2022-10-04,1236
2022-10-04,286
2022-10-04,906
2022-10-05,1433
2022-10-05,197
2022-10-05,154
2022-10-05,722
2022-10-05,763
2022-10-06,1435
2022-10-06,1412
2022-10-06,1885
2022-10-06,1671
2022-10-06,850
2022-10-06,1271
2022-10-06,1590
2022-10-07,1367
2022-10-07,1614
2022-10-07,1972
2022-10-07,1057
2022-10-07,1630
2022-10-08,581
2022-10-08,300
2022-10-08,253
2022-10-08,1573
2022-10-08,1624
2022-10-08,172
2022-10-08,812
2022-10-09,1764
2022-10-09,1340
2022-10-09,160
2022-10-10,1739
2022-10-10,141
2022-10-10,124
2022-10-10,1162
2022-10-10,1926
2022-10-11,1621
2022-10-11,1352
2022-10-11,207
2022-10-11,271
2022-10-11,1558
2022-10-12,623
2022-10-12,374
2022-10-12,1736
2022-10-12,1167
2022-10-13,916
2022-10-13,1056
2022-10-13,1140
2022-10-13,429
2022-10-13,1692
2022-10-14,1938
2022-10-14,111
2022-10-14,1441
2022-10-15,1899
2022-10-15,760
2022-10-15,1204
2022-10-15,1850
2022-10-15,1608
2022-10-16,565
2022-10-16,1212
2022-10-16,1391
2022-10-17,588
2022-10-17,1661
2022-10-17,146
2022-10-17,1411
2022-10-17,877
2022-10-18,1917
2022-10-18,1080
2022-10-18,1209
2022-10-19,490
2022-10-19,1905
2022-10-19,434
2022-10-19,728
2022-10-20,982
2022-10-20,787
2022-10-20,1963
2022-10-21,926
2022-10-21,826
2022-10-21,1600
2022-10-21,693
2022-10-22,1034
2022-10-22,1094
2022-10-22,501
2022-10-22,1566
2022-10-22,1613
2022-10-22,714
2022-10-23,1649
2022-10-23,1282
2022-10-23,1275
2022-10-24,719
2022-10-24,287
2022-10-24,1936
2022-10-24,1221
2022-10-24,230
2022-10-25,1294
2022-10-25,1035
2022-10-25,1085
2022-10-25,282
2022-10-25,1082
2022-10-25,463
2022-10-25,138
2022-10-26,1639
2022-10-26,1472
2022-10-26,1081
2022-10-27,1520
2022-10-27,821
2022-10-27,1284
2022-10-28,1549
2022-10-28,1231
2022-10-28,993
2022-10-28,1573
2022-10-28,410
2022-10-28,838
2022-10-28,1293
2022-10-29,513
2022-10-29,350
2022-10-29,858
2022-10-29,1904
2022-10-30,1397
2022-10-30,1539
2022-10-30,1731
2022-10-30,1862
2022-10-30,1162
2022-10-30,913
2022-10-30,128
2022-10-31,576
2022-10-31,417
2022-10-31,344
2022-11-01,796
2022-11-01,371
2022-11-01,1563
2022-11-01,1871
2022-11-01,1362
2022-11-01,476
2022-11-02,1025
2022-11-02,1020
2022-11-02,1482
2022-11-02,439
2022-11-03,676
2022-11-03,1812
2022-11-03,102
2022-11-03,1552
2022-11-03,1265
2022-11-03,475
2022-11-03,1793
2022-11-04,423
2022-11-04,245
2022-11-04,392
2022-11-04,1788
2022-11-05,1048
2022-11-05,684
2022-11-05,498
2022-11-06,1467
2022-11-06,1063
2022-11-06,1263
2022-11-07,1928
2022-11-07,160
2022-11-07,1038
2022-11-07,1503
2022-11-07,809
2022-11-08,1185
2022-11-08,1968
2022-11-08,325
2022-11-08,1276
2022-11-08,1834
2022-11-09,871
2022-11-09,1694
2022-11-09,1707
2022-11-09,1783
2022-11-09,1984
2022-11-09,1698
2022-11-10,1366
2022-11-10,1616
2022-11-10,1489
2022-11-10,1453
2022-11-10,1230
2022-11-10,325
2022-11-10,924
2022-11-11,1036
2022-11-11,852
2022-11-11,605
2022-11-11,358
2022-11-12,1896
2022-11-12,153
2022-11-12,1170
2022-11-12,826
2022-11-12,788
2022-11-12,1644
2022-11-12,1222
2022-11-13,1876
2022-11-13,1696
2022-11-13,1613
2022-11-13,518
2022-11-13,789
2022-11-13,949
2022-11-14,315
2022-11-14,102
2022-11-14,259
2022-11-15,880
2022-11-15,1243
2022-11-15,992
2022-11-15,1212
2022-11-15,428
2022-11-16,1480
2022-11-16,1733
2022-11-16,1390
2022-11-16,1740
2022-11-16,1051
2022-11-16,1446
2022-11-17,1087
2022-11-17,1664
2022-11-17,1772
2022-11-17,1318
2022-11-17,1020
2022-11-18,1455
2022-11-18,269
2022-11-18,620
2022-11-18,1586
2022-11-19,1384
2022-11-19,1518
2022-11-19,1054
2022-11-20,1083
2022-11-20,1247
2022-11-20,1074
2022-11-20,137
2022-11-21,1299
2022-11-21,1725
2022-11-21,1013
2022-11-21,553
2022-11-21,136
2022-11-22,1811
2022-11-22,1072
2022-11-22,895
2022-11-22,1072
2022-11-22,692
2022-11-22,1237
2022-11-23,323
2022-11-23,417
2022-11-23,448
2022-11-23,214
2022-11-23,797
2022-11-23,1446
2022-11-23,1691
2022-11-24,139
2022-11-24,1982
2022-11-24,1872
2022-11-24,1412
2022-11-25,435
2022-11-25,1291
2022-11-25,191
2022-11-25,452
2022-11-25,670
2022-11-26,915
2022-11-26,1804
2022-11-26,880
2022-11-26,462
2022-11-26,656
2022-11-27,1816
2022-11-27,1293
2022-11-27,455
2022-11-28,521
2022-11-28,799
2022-11-28,106
2022-11-28,232
2022-11-28,1870
2022-11-29,925
2022-11-29,860
2022-11-29,1154
2022-11-29,634
2022-11-29,525
2022-11-29,1517
2022-11-29,771
2022-11-30,1560
2022-11-30,1793
2022-11-30,1674
2022-11-30,181
2022-11-30,455
2022-12-01,1841
2022-12-01,688
2022-12-01,1647
2022-12-01,394
2022-12-02,1347
2022-12-02,1648
2022-12-02,1169
2022-12-02,1790
2022-12-03,1356
2022-12-03,116
2022-12-03,459
2022-12-04,799
2022-12-04,547
2022-12-04,955
2022-12-04,464
2022-12-05,1107
2022-12-05,1449
2022-12-05,566
2022-12-05,513
2022-12-05,1578
2022-12-06,1356
2022-12-06,1347
2022-12-06,1093
2022-12-06,1954
2022-12-07,671
2022-12-07,434
2022-12-07,1345
2022-12-07,136
2022-12-07,1088
2022-12-07,377
2022-12-08,1015
2022-12-08,1987
2022-12-08,583
2022-12-08,1365
2022-12-08,1447
2022-12-08,830
2022-12-09,623
2022-12-09,1017
2022-12-09,500
2022-12-10,985
2022-12-10,804
2022-12-10,121
2022-12-10,573
2022-12-11,309
2022-12-11,405
2022-12-11,1393
2022-12-11,803
2022-12-11,786
2022-12-12,815
2022-12-12,1799
2022-12-12,862
2022-12-12,1350
2022-12-12,1047
2022-12-12,480
2022-12-12,559
2022-12-13,1006
2022-12-13,1156
2022-12-13,1769
2022-12-13,978
2022-12-13,178
2022-12-13,1046
2022-12-13,558
2022-12-14,1661
2022-12-14,1605
2022-12-14,1553
2022-12-14,837
2022-12-15,615
2022-12-15,1222
2022-12-15,496
2022-12-15,1612
2022-12-15,138
2022-12-15,1394
2022-12-15,986
2022-12-16,256
2022-12-16,1198
2022-12-16,983
2022-12-16,1923
2022-12-16,1253
2022-12-16,1810
2022-12-16,1073
2022-12-17,1145
2022-12-17,1582
2022-12-17,1662
2022-12-17,1830
2022-12-17,948
2022-12-17,1505
2022-12-18,1563
2022-12-18,1727
2022-12-18,1088
2022-12-18,120
2022-12-18,402
2022-12-18,968
2022-12-19,183
2022-12-19,1897
2022-12-19,1782
2022-12-19,1576
2022-12-19,1510
2022-12-20,1380
2022-12-20,669
2022-12-20,1033
2022-12-20,1650
2022-12-20,1285
2022-12-21,1286
2022-12-21,1955
2022-12-21,1108
2022-12-21,892
2022-12-21,891
2022-12-21,1647
2022-12-21,1909
2022-12-22,307
2022-12-22,1662
2022-12-22,1707
2022-12-22,1183
2022-12-22,529
2022-12-22,1084
2022-12-23,1728
2022-12-23,1432
2022-12-23,619
2022-12-24,1809
2022-12-24,1685
2022-12-24,298
2022-12-24,486
2022-12-24,448
2022-12-25,792
2022-12-25,1659
2022-12-25,1951
2022-12-25,477
2022-12-25,998
2022-12-25,1015
2022-12-26,833
2022-12-26,305
2022-12-26,554
2022-12-27,1359
2022-12-27,1975
2022-12-27,1863
2022-12-28,1801
2022-12-28,1116
2022-12-28,1055
2022-12-29,216
2022-12-29,485
2022-12-29,1467
2022-12-29,683
2022-12-29,494
2022-12-29,1187
2022-12-29,1840
2022-12-30,171
2022-12-30,1912
2022-12-30,373
2022-12-31,1489
2022-12-31,1618
2022-12-31,706
2022-12-31,265
2023-01-01,1424
2023-01-01,828
2023-01-01,900
2023-01-01,201
2023-01-01,1548
2023-01-02,313
2023-01-02,1814
2023-01-02,1211
2023-01-02,1676
2023-01-02,500
2023-01-03,988
2023-01-03,1169
2023-01-03,1795
2023-01-03,1586
2023-01-03,691
2023-01-03,1433
2023-01-04,1783
2023-01-04,772
2023-01-04,813
2023-01-04,1035
2023-01-04,341
2023-01-04,1988
2023-01-05,324
2023-01-05,900
2023-01-05,1868
2023-01-05,688
2023-01-06,1789
2023-01-06,1017
2023-01-06,1226
2023-01-06,293
2023-01-06,1289
2023-01-06,970
2023-01-07,1809
2023-01-07,221
2023-01-07,242
2023-01-07,1093
2023-01-08,986
2023-01-08,527
2023-01-08,1428
2023-01-08,1995
2023-01-09,416
2023-01-09,734
2023-01-09,108
2023-01-09,873
2023-01-09,1196
2023-01-10,1493
2023-01-10,815
2023-01-10,1387
2023-01-11,1983
2023-01-11,1441
2023-01-11,1207
2023-01-11,1441
2023-01-12,482
2023-01-12,106
2023-01-12,558
2023-01-12,1207
2023-01-12,307
2023-01-13,1513
2023-01-13,1437
2023-01-13,121
2023-01-13,509
2023-01-13,994
2023-01-13,614
2023-01-14,1823
2023-01-14,973
2023-01-14,113
2023-01-15,1077
2023-01-15,1113
2023-01-15,1135
2023-01-15,186
2023-01-15,1647
2023-01-16,1660
2023-01-16,1424
2023-01-16,1366
2023-01-16,221
2023-01-16,1270
2023-01-16,1690
2023-01-16,849
2023-01-17,784
2023-01-17,1856
2023-01-17,1754
2023-01-17,408
2023-01-17,794
2023-01-17,387
2023-01-18,1935
2023-01-18,1717
2023-01-18,1013
2023-01-18,1846
2023-01-18,761
2023-01-19,1475
2023-01-19,411
2023-01-19,972
2023-01-19,1182
2023-01-19,1766
2023-01-19,1023
2023-01-19,1837
2023-01-20,134
2023-01-20,544
2023-01-20,192
2023-01-20,1330
2023-01-20,452
2023-01-21,1940
2023-01-21,961
2023-01-21,1848
2023-01-21,258
2023-01-21,1056
2023-01-21,123
2023-01-22,904
2023-01-22,615
2023-01-22,831
2023-01-22,1487
2023-01-22,1505
2023-01-22,631
2023-01-23,251
2023-01-23,1685
2023-01-23,1812
2023-01-23,1046
2023-01-23,707
2023-01-23,1740
2023-01-24,1373
2023-01-24,1240
2023-01-24,965
2023-01-24,1635
2023-01-24,1863
2023-01-24,677
2023-01-25,1031
2023-01-25,1897
2023-01-25,394
2023-01-25,854
2023-01-26,285
2023-01-26,1369
2023-01-26,736
2023-01-26,1391
2023-01-26,1766
2023-01-27,629
2023-01-27,1675
2023-01-27,120
2023-01-27,1010
2023-01-27,1860
2023-01-27,966
2023-01-27,893
2023-01-28,851
2023-01-28,577
2023-01-28,1722
2023-01-28,1421
2023-01-28,1039
2023-01-28,625
2023-01-29,474
2023-01-29,392
2023-01-29,936
2023-01-29,1104
2023-01-30,417
2023-01-30,1625
2023-01-30,1951
2023-01-31,1746
2023-01-31,113
2023-01-31,603
2023-01-31,330
2023-01-31,1207
2023-01-31,229
2023-01-31,1866
2023-02-01,990
2023-02-01,1980
2023-02-01,127
2023-02-02,1286
2023-02-02,1352
2023-02-02,360
2023-02-02,1572
2023-02-03,1799
2023-02-03,400
2023-02-03,1018
2023-02-03,1426
2023-02-03,386
2023-02-03,1518
2023-02-04,1830
2023-02-04,729
2023-02-04,369
2023-02-04,691
2023-02-05,1728
2023-02-05,1901
2023-02-05,943
2023-02-05,961
2023-02-06,1380
2023-02-06,232
2023-02-06,1399
2023-02-07,1071
2023-02-07,612
2023-02-07,412
2023-02-07,675
2023-02-07,985
2023-02-08,1407
2023-02-08,1244
2023-02-08,1230
2023-02-08,786
2023-02-08,1327
2023-02-08,264
2023-02-09,1620
2023-02-09,1755
2023-02-09,1679
2023-02-10,1490
2023-02-10,1842
2023-02-10,719
2023-02-10,1374
2023-02-10,1056
2023-02-10,433
2023-02-11,1068
2023-02-11,610
2023-02-11,1416
2023-02-11,1143
2023-02-12,896
2023-02-12,1124
2023-02-12,218
2023-02-12,1158
2023-02-13,1880
2023-02-13,1182
2023-02-13,936
2023-02-13,1284
2023-02-13,1108
2023-02-13,790
2023-02-13,1329
2023-02-14,589
2023-02-14,375
2023-02-14,792
2023-02-14,341
2023-02-14,1339
2023-02-14,1374
2023-02-15,225
2023-02-15,316
2023-02-15,1429
2023-02-15,1920
2023-02-15,1308
2023-02-16,1301
2023-02-16,1018
2023-02-16,1551
2023-02-16,1417
2023-02-16,1975
2023-02-17,407
2023-02-17,1459
2023-02-17,845
2023-02-17,991
2023-02-17,474
2023-02-17,1131
2023-02-17,1464
2023-02-18,1114
2023-02-18,1899
2023-02-18,768
2023-02-19,1618
2023-02-19,185
2023-02-19,1298
2023-02-19,1925
2023-02-19,1316
2023-02-19,410
2023-02-19,1242
2023-02-20,526
2023-02-20,1537
2023-02-20,213
2023-02-20,1268
2023-02-21,1771
2023-02-21,402
2023-02-21,843
2023-02-21,687
2023-02-22,1963
2023-02-22,444
2023-02-22,913
2023-02-22,900
2023-02-22,1124
2023-02-23,1410
2023-02-23,1777
2023-02-23,1176
2023-02-23,1427
2023-02-23,1192
2023-02-24,1725
2023-02-24,1343
2023-02-24,1109
2023-02-25,1284
2023-02-25,1804
2023-02-25,1212
2023-02-26,684
2023-02-26,1880
2023-02-26,688
2023-02-26,1282
2023-02-26,588
2023-02-26,1070
2023-02-26,1447
2023-02-27,1504
2023-02-27,1225
2023-02-27,593
2023-02-27,1767
2023-02-28,1577
2023-02-28,1605
2023-02-28,1717
2023-02-28,496
2023-02-28,1100
2023-03-01,1488
2023-03-01,1454
2023-03-01,1764
2023-03-01,1467
2023-03-01,921
2023-03-02,824
2023-03-02,1778
2023-03-02,1188
2023-03-03,810
2023-03-03,242
2023-03-03,1016
2023-03-03,927
2023-03-03,704
2023-03-03,1596
2023-03-04,404
2023-03-04,835
2023-03-04,1620
2023-03-05,201
2023-03-05,1390
2023-03-05,966
2023-03-05,1067
2023-03-05,1745
2023-03-06,1061
2023-03-06,1041
2023-03-06,1900
2023-03-06,1126
2023-03-07,1917
2023-03-07,427
2023-03-07,915
2023-03-07,1573
2023-03-07,553
2023-03-07,728
2023-03-07,1344
2023-03-08,764
2023-03-08,111
2023-03-08,1256
2023-03-08,403
2023-03-09,1074
2023-03-09,1423
2023-03-09,1863
2023-03-09,882
2023-03-09,142
2023-03-09,1043
2023-03-09,442
2023-03-10,463
2023-03-10,990
2023-03-10,526
2023-03-10,1104
2023-03-11,506
2023-03-11,718
2023-03-11,1114
2023-03-11,435
2023-03-11,1938
2023-03-11,1240
2023-03-11,1247
2023-03-12,1927
2023-03-12,814
2023-03-12,150
2023-03-13,888
2023-03-13,240
2023-03-13,569
2023-03-13,886
2023-03-13,1925
2023-03-13,1457
2023-03-14,1063
2023-03-14,1107
2023-03-14,472
2023-03-14,1687
2023-03-14,593
2023-03-14,1662
2023-03-14,1792
2023-03-15,390
2023-03-15,1771
2023-03-15,1267
2023-03-15,205
2023-03-15,1543
2023-03-15,769
2023-03-16,101
2023-03-16,688
2023-03-16,743
2023-03-16,189
2023-03-17,449
2023-03-17,1582
2023-03-17,1386
2023-03-18,1709
2023-03-18,1162
2023-03-18,1008
2023-03-18,258
2023-03-18,1706
2023-03-18,1058
2023-03-19,544
2023-03-19,397
2023-03-19,1051
2023-03-20,1207
2023-03-20,1575
2023-03-20,1898
2023-03-20,1945
2023-03-20,1508
2023-03-20,1295
2023-03-21,1485
2023-03-21,658
2023-03-21,990
2023-03-21,240
2023-03-21,986
2023-03-21,1241
2023-03-21,1400
2023-03-22,1149
2023-03-22,620
2023-03-22,1906
2023-03-22,109
2023-03-22,1083
2023-03-22,477
2023-03-23,1760
2023-03-23,781
2023-03-23,683
2023-03-24,1277
2023-03-24,958
2023-03-24,1416
2023-03-25,149
2023-03-25,763
2023-03-25,630
2023-03-25,1735
2023-03-25,1183
2023-03-25,1290
2023-03-26,956
2023-03-26,245
2023-03-26,1014
2023-03-26,1799
2023-03-27,1092
2023-03-27,1562
2023-03-27,341
2023-03-27,680
2023-03-28,582
2023-03-28,1231
2023-03-28,1349
2023-03-29,730
2023-03-29,760
2023-03-29,761
2023-03-30,1778
2023-03-30,518
2023-03-30,1087
2023-03-30,1578
2023-03-30,1283
2023-03-30,1646
2023-03-30,749
2023-03-31,689
2023-03-31,1200
2023-03-31,608
2023-04-01,1377
2023-04-01,1020
2023-04-01,869
2023-04-02,362
2023-04-02,1720
2023-04-02,1781
2023-04-02,1958
2023-04-02,1677
2023-04-03,1290
2023-04-03,1876
2023-04-03,558
2023-04-03,1098
2023-04-03,1403
2023-04-03,799
2023-04-03,401
2023-04-04,1703
2023-04-04,1341
2023-04-04,1225
2023-04-04,653
2023-04-04,387
2023-04-05,1105
2023-04-05,135
2023-04-05,843
2023-04-05,1864
2023-04-05,452
2023-04-05,1799
2023-04-05,172
2023-04-06,1193
2023-04-06,524
2023-04-06,1098
2023-04-07,1904
2023-04-07,660
2023-04-07,927
2023-04-07,1765
2023-04-07,1055
2023-04-07,616
2023-04-08,1662
2023-04-08,259
2023-04-08,248
2023-04-08,875
2023-04-08,1353
2023-04-08,1835
2023-04-09,166
2023-04-09,1113
2023-04-09,1935
2023-04-09,480
2023-04-10,1382
2023-04-10,441
2023-04-10,1961
2023-04-10,1253
2023-04-11,869
2023-04-11,713
2023-04-11,1332
2023-04-11,1926
2023-04-11,453
2023-04-11,1594
2023-04-12,1387
2023-04-12,761
2023-04-12,1935
2023-04-12,1565
2023-04-12,1671
2023-04-12,552
2023-04-13,1600
2023-04-13,386
2023-04-13,1426
2023-04-13,1116
2023-04-13,410
2023-04-13,307
2023-04-13,717
2023-04-14,154
2023-04-14,1011
2023-04-14,1135
2023-04-15,1523
2023-04-15,1771
2023-04-15,1079
2023-04-16,1779
2023-04-16,1665
2023-04-16,336
2023-04-16,1402
2023-04-16,447
2023-04-17,1227
2023-04-17,729
2023-04-17,1640
2023-04-17,1995
2023-04-17,1371
2023-04-18,420
2023-04-18,1756
2023-04-18,385
2023-04-18,248
2023-04-18,1207
2023-04-18,505
2023-04-19,555
2023-04-19,1866
2023-04-19,899
2023-04-19,1284
2023-04-20,883
2023-04-20,559
2023-04-20,1673
2023-04-20,1623
2023-04-20,837
2023-04-20,608
2023-04-20,1777
2023-04-21,580
2023-04-21,1786
2023-04-21,213
2023-04-21,848
2023-04-21,1701
2023-04-21,460
2023-04-22,869
2023-04-22,860
2023-04-22,1068
2023-04-22,548
2023-04-22,1966
2023-04-22,934
2023-04-22,1303
2023-04-23,1319
2023-04-23,1589
2023-04-23,410
2023-04-23,361
2023-04-24,505
2023-04-24,242
2023-04-24,441
2023-04-24,1439
2023-04-24,1224
2023-04-25,589
2023-04-25,111
2023-04-25,1362
2023-04-25,660
2023-04-25,141
2023-04-25,777
2023-04-26,1552
2023-04-26,1926
2023-04-26,1281
2023-04-26,1339
2023-04-27,1793
2023-04-27,1585
2023-04-27,233
2023-04-27,1190
2023-04-28,1649
2023-04-28,172
2023-04-28,498
2023-04-28,1528
2023-04-28,1798
2023-04-28,677
2023-04-29,229
2023-04-29,1030
2023-04-29,1589
2023-04-29,1329
2023-04-29,1911
2023-04-30,1891
2023-04-30,365
2023-04-30,1660
2023-04-30,892
2023-05-01,921
2023-05-01,1412
2023-05-01,263
2023-05-01,194
2023-05-01,1905
2023-05-01,932
2023-05-01,1233
2023-05-02,1559
2023-05-02,998
2023-05-02,582
2023-05-02,1001
2023-05-02,1148
2023-05-02,1776
2023-05-02,1240
2023-05-03,1515
2023-05-03,1016
2023-05-03,1093
2023-05-03,1063
2023-05-04,1202
2023-05-04,1703
2023-05-04,1296
2023-05-05,1135
2023-05-05,1923
2023-05-05,227
2023-05-05,1731
2023-05-05,191
2023-05-05,1776
2023-05-06,1781
2023-05-06,1088
2023-05-06,1951
2023-05-06,546
2023-05-06,489
2023-05-06,771
2023-05-07,142
2023-05-07,353
2023-05-07,1253
2023-05-07,1183
2023-05-07,762
2023-05-07,566
2023-05-07,386
2023-05-08,1640
2023-05-08,1590
2023-05-08,877
2023-05-08,444
2023-05-08,741
2023-05-09,789
2023-05-09,1376
2023-05-09,1179
2023-05-09,1586
2023-05-09,556
2023-05-10,1222
2023-05-10,248
2023-05-10,1452
2023-05-10,1279
2023-05-10,289
2023-05-11,362
2023-05-11,1203
2023-05-11,499
2023-05-11,863
2023-05-11,708
2023-05-12,1895
2023-05-12,1738
2023-05-12,1675
2023-05-12,884
2023-05-12,200
2023-05-12,1482
2023-05-13,919
2023-05-13,1344
2023-05-13,919
2023-05-13,519
2023-05-13,223
2023-05-13,521
2023-05-14,1186
2023-05-14,1608
2023-05-14,1751
2023-05-14,1826
2023-05-15,582
2023-05-15,618
2023-05-15,254
2023-05-15,191
2023-05-15,1081
2023-05-15,1649
2023-05-15,554
2023-05-16,697
2023-05-16,1768
2023-05-16,609
2023-05-16,1306
2023-05-16,485
2023-05-16,1697
2023-05-16,1854
2023-05-17,345
2023-05-17,841
2023-05-17,1714
2023-05-17,760
2023-05-17,749
2023-05-17,1594
2023-05-17,1949
2023-05-18,164
2023-05-18,1136
2023-05-18,312
2023-05-18,341
2023-05-18,592
2023-05-18,1336
2023-05-18,1816
2023-05-19,272
2023-05-19,771
2023-05-19,263
2023-05-19,564
2023-05-20,596
2023-05-20,799
2023-05-20,494
2023-05-20,802
2023-05-20,407
2023-05-21,1917
2023-05-21,609
2023-05-21,1831
2023-05-21,645
2023-05-21,1687
2023-05-21,723
2023-05-21,1887
2023-05-22,843
2023-05-22,1350
2023-05-22,1868
2023-05-22,1856
2023-05-23,1545
2023-05-23,653
2023-05-23,120
2023-05-23,653
2023-05-23,496
2023-05-23,724
2023-05-24,291
2023-05-24,116
2023-05-24,1243
2023-05-25,524
2023-05-25,228
2023-05-25,1253
2023-05-26,1683
2023-05-26,128
2023-05-26,1220
2023-05-26,1133
2023-05-26,341
2023-05-26,1949
2023-05-27,331
2023-05-27,888
2023-05-27,1407
2023-05-27,814
2023-05-27,858
2023-05-27,901
2023-05-28,825
2023-05-28,299
2023-05-28,1044
2023-05-28,178
2023-05-28,1055
2023-05-29,566
2023-05-29,680
2023-05-29,1539
2023-05-29,1039
2023-05-29,548
2023-05-29,186
2023-05-29,200
2023-05-30,1323
2023-05-30,1628
2023-05-30,186
2023-05-30,142
2023-05-30,1508
2023-05-30,1744
2023-05-30,1558
2023-05-31,763
2023-05-31,1140
2023-05-31,1768
2023-05-31,247
2023-05-31,376
2023-06-01,465
2023-06-01,1351
2023-06-01,1774
2023-06-01,535
2023-06-02,1514
2023-06-02,598
2023-06-02,639
2023-06-02,662
2023-06-02,1614
2023-06-03,1384
2023-06-03,872
2023-06-03,449
2023-06-03,1475
2023-06-04,1673
2023-06-04,1746
2023-06-04,1091
2023-06-04,467
2023-06-05,1460
2023-06-05,1346
2023-06-05,1771
2023-06-05,1891
2023-06-05,459
2023-06-05,1020
2023-06-06,1061
2023-06-06,562
2023-06-06,1045
2023-06-07,1684
2023-06-07,1927
2023-06-07,1505
2023-06-07,935
2023-06-07,1713
2023-06-08,268
2023-06-08,316
2023-06-08,477
2023-06-09,1901
2023-06-09,248
2023-06-09,1799
2023-06-09,751
2023-06-10,1611
2023-06-10,869
2023-06-10,473
2023-06-10,880
2023-06-10,1816
2023-06-11,1349
2023-06-11,622
2023-06-11,621
2023-06-11,882
2023-06-11,372
2023-06-11,1035
2023-06-12,282
2023-06-12,1788
2023-06-12,587
2023-06-12,1950
2023-06-13,1084
2023-06-13,1749
2023-06-13,889
2023-06-13,513
2023-06-13,1848
2023-06-13,1295
2023-06-14,785
2023-06-14,212
2023-06-14,987
2023-06-14,221
2023-06-14,1667
2023-06-15,879
2023-06-15,1356
2023-06-15,1042
2023-06-16,248
2023-06-16,1520
2023-06-16,1121
2023-06-16,760
2023-06-17,1859
2023-06-17,302
2023-06-17,355
2023-06-17,697
2023-06-17,761
2023-06-17,334
2023-06-18,633
2023-06-18,959
2023-06-18,1920
2023-06-19,1589
2023-06-19,869
2023-06-19,640
2023-06-19,312
2023-06-19,562
2023-06-19,535
2023-06-19,382
2023-06-20,1730
2023-06-20,1586
2023-06-20,1530
2023-06-20,187
2023-06-21,560
2023-06-21,377
2023-06-21,1806
2023-06-21,520
2023-06-21,1824
2023-06-21,1476
2023-06-22,802
2023-06-22,1753
2023-06-22,118
2023-06-22,122
2023-06-22,512
2023-06-23,1490
2023-06-23,1404
2023-06-23,1251
2023-06-23,1352
2023-06-23,1234
2023-06-23,235
2023-06-24,1309
2023-06-24,1779
2023-06-24,1707
2023-06-24,228
2023-06-25,1384
2023-06-25,614
2023-06-25,548
2023-06-25,1227
2023-06-25,1606
2023-06-25,1347
2023-06-26,1989
2023-06-26,1614
2023-06-26,572
2023-06-26,1133
2023-06-27,401
2023-06-27,330
2023-06-27,1854
2023-06-27,1022
2023-06-27,1189
2023-06-27,1036
2023-06-27,211
2023-06-28,1516
2023-06-28,599
2023-06-28,1031
2023-06-28,697
2023-06-28,333
2023-06-28,701
2023-06-28,413
2023-06-29,308
2023-06-29,1137
2023-06-29,1756
2023-06-29,1541
2023-06-29,1560
2023-06-29,1500
2023-06-30,686
2023-06-30,1878
2023-06-30,1858
2023-06-30,1114
2023-06-30,1193
2023-06-30,1947
2023-07-01,1224
2023-07-01,797
2023-07-01,231
2023-07-01,1746
2023-07-01,1504
2023-07-02,1143
2023-07-02,635
2023-07-02,1113
2023-07-02,326
2023-07-02,1277
2023-07-02,1928
2023-07-03,921
2023-07-03,970
2023-07-03,504
2023-07-03,301
2023-07-03,137
2023-07-03,1041
2023-07-03,1895
2023-07-04,1180
2023-07-04,1040
2023-07-04,1143
2023-07-04,372
2023-07-04,1242
2023-07-04,682
2023-07-05,1344
2023-07-05,625
2023-07-05,1638
2023-07-05,1851
2023-07-05,1864
2023-07-05,435
2023-07-06,1178
2023-07-06,599
2023-07-06,999
2023-07-06,865
2023-07-07,1793
2023-07-07,693
2023-07-07,258
2023-07-07,1311
2023-07-08,1014
2023-07-08,1940
2023-07-08,1442
2023-07-08,310
2023-07-08,505
2023-07-08,763
2023-07-09,1199
2023-07-09,641
2023-07-09,1437
2023-07-09,1097
2023-07-09,1240
2023-07-09,1026
2023-07-09,967
2023-07-10,531
2023-07-10,1808
2023-07-10,839
2023-07-10,1473
2023-07-10,282
2023-07-11,1306
2023-07-11,580
2023-07-11,1269
2023-07-12,1236
2023-07-12,862
2023-07-12,575
2023-07-12,862
2023-07-12,1426
2023-07-12,1070
2023-07-13,1119
2023-07-13,1241
2023-07-13,1936
2023-07-14,500
2023-07-14,297
2023-07-14,1383
2023-07-15,1875
2023-07-15,1170
2023-07-15,498
2023-07-15,1833
2023-07-15,1682
2023-07-15,177
2023-07-16,174
2023-07-16,1994
2023-07-16,236
2023-07-16,701
2023-07-16,1523
2023-07-16,936
2023-07-17,599
2023-07-17,1696
2023-07-17,237
2023-07-18,1894
2023-07-18,1072
2023-07-18,1742
2023-07-18,1748
2023-07-19,809
2023-07-19,1972
2023-07-19,662
2023-07-19,856
2023-07-19,1549
2023-07-19,646
2023-07-19,1425
2023-07-20,680
2023-07-20,1472
2023-07-20,1955
2023-07-20,148
2023-07-21,1197
2023-07-21,803
2023-07-21,360
2023-07-21,455
2023-07-21,1705
2023-07-21,1725
2023-07-21,1383
2023-07-22,1030
2023-07-22,740
2023-07-22,891
2023-07-22,1436
2023-07-23,1961
2023-07-23,908
2023-07-23,1305
2023-07-23,785
2023-07-23,1951
2023-07-23,1487
2023-07-24,1692
2023-07-24,1666
2023-07-24,1719
2023-07-24,1787
2023-07-24,1084
2023-07-24,647
2023-07-25,1025
2023-07-25,1531
2023-07-25,975
2023-07-25,717
2023-07-25,513
2023-07-25,1465
2023-07-25,1343
2023-07-26,1343
2023-07-26,369
2023-07-26,731
2023-07-26,1005
2023-07-26,1971
2023-07-27,1852
2023-07-27,304
2023-07-27,681
2023-07-27,1679
2023-07-28,1936
2023-07-28,1351
2023-07-28,1819
2023-07-29,695
2023-07-29,1973
2023-07-29,349
2023-07-29,974
2023-07-29,1564
2023-07-30,295
2023-07-30,789
2023-07-30,1642
2023-07-30,1193
2023-07-30,738
2023-07-30,1522
2023-07-30,771
2023-07-31,1271
2023-07-31,1595
2023-07-31,1778
2023-07-31,1043
2023-07-31,298
2023-08-01,1549
2023-08-01,1789
2023-08-01,591
2023-08-01,995
2023-08-01,241
2023-08-01,1436
2023-08-01,264
2023-08-02,120
2023-08-02,1205
2023-08-02,1704
2023-08-02,1254
2023-08-03,1083
2023-08-03,404
2023-08-03,470
2023-08-03,1980
2023-08-04,483
2023-08-04,544
2023-08-04,524
2023-08-04,260
2023-08-04,1301
2023-08-04,728
2023-08-04,1831
2023-08-05,1116
2023-08-05,426
2023-08-05,697
2023-08-05,1114
2023-08-06,692
2023-08-06,1787
2023-08-06,1696
2023-08-07,1477
2023-08-07,127
2023-08-07,1053
2023-08-07,142
2023-08-07,1804
2023-08-07,522
2023-08-07,1721
2023-08-08,628
2023-08-08,1733
2023-08-08,1065
2023-08-09,1700
2023-08-09,941
2023-08-09,952
2023-08-09,1640
2023-08-10,121
2023-08-10,1235
2023-08-10,1180
2023-08-10,1189
2023-08-11,197
2023-08-11,1267
2023-08-11,534
2023-08-11,736
2023-08-12,443
2023-08-12,1417
2023-08-12,670
2023-08-12,1773
2023-08-12,710
2023-08-12,1827
2023-08-13,1954
2023-08-13,660
2023-08-13,1059
2023-08-13,131
2023-08-13,490
2023-08-14,631
2023-08-14,1277
2023-08-14,482
2023-08-14,1191
2023-08-14,983
2023-08-14,313
2023-08-14,1778
2023-08-15,178
2023-08-15,1849
2023-08-15,727
2023-08-15,703
2023-08-15,881
2023-08-15,1504
2023-08-15,1100
2023-08-16,1919
2023-08-16,1149
2023-08-16,980
2023-08-16,546
2023-08-17,1883
2023-08-17,1377
2023-08-17,1167
2023-08-17,1220
2023-08-18,1111
2023-08-18,326
2023-08-18,873
2023-08-18,778
2023-08-19,1914
2023-08-19,700
2023-08-19,478
2023-08-19,1301
2023-08-19,1550
2023-08-19,808
2023-08-20,878
2023-08-20,603
2023-08-20,367
2023-08-20,1709
2023-08-20,107
2023-08-21,575
2023-08-21,1420
2023-08-21,263
2023-08-21,584
2023-08-21,1720
2023-08-21,1195
2023-08-22,658
2023-08-22,337
2023-08-22,1227
2023-08-23,653
2023-08-23,927
2023-08-23,567
2023-08-23,1577
2023-08-24,485
2023-08-24,874
2023-08-24,947
2023-08-24,486
2023-08-24,976
2023-08-24,358
2023-08-25,1749
2023-08-25,1998
2023-08-25,139
2023-08-25,585
2023-08-25,1028
2023-08-26,1252
2023-08-26,1114
2023-08-26,1123
2023-08-26,1643
2023-08-26,712
2023-08-26,1027
2023-08-27,787
2023-08-27,1742
2023-08-27,712
2023-08-27,359
2023-08-27,1089
2023-08-27,1065
2023-08-28,643
2023-08-28,748
2023-08-28,1647
2023-08-28,913
2023-08-28,1139
2023-08-29,674
2023-08-29,1232
2023-08-29,1112
2023-08-30,769
2023-08-30,368
2023-08-30,1285
2023-08-30,1383
2023-08-30,1023
2023-08-30,1225
2023-08-30,1629
2023-08-31,346
2023-08-31,1763
2023-08-31,1918
2023-08-31,1960
2023-08-31,1660
2023-09-01,452
2023-09-01,295
2023-09-01,1916
2023-09-01,1029
2023-09-01,1789
2023-09-02,326
2023-09-02,800
2023-09-02,1599
2023-09-02,1600
2023-09-02,364
2023-09-02,1495
2023-09-02,1609
2023-09-03,745
2023-09-03,310
2023-09-03,1695
2023-09-03,1500
2023-09-04,1573
2023-09-04,1042
2023-09-04,1487
2023-09-04,1999
2023-09-04,556
2023-09-05,1851
2023-09-05,1349
2023-09-05,1081
2023-09-05,1254
2023-09-05,687
2023-09-05,575
2023-09-05,1921
2023-09-06,1400
2023-09-06,255
2023-09-06,1883
2023-09-06,1341
2023-09-07,1080
2023-09-07,1798
2023-09-07,1815
2023-09-08,140
2023-09-08,406
2023-09-08,1042
2023-09-08,437
2023-09-09,1198
2023-09-09,1052
2023-09-09,378
2023-09-09,1299
2023-09-10,936
2023-09-10,719
2023-09-10,1774
2023-09-11,1030
2023-09-11,388
2023-09-11,823
2023-09-11,992
2023-09-11,371
2023-09-12,1189
2023-09-12,582
2023-09-12,1035
2023-09-12,347
2023-09-13,1170
2023-09-13,553
2023-09-13,300
2023-09-13,1783
2023-09-13,223
2023-09-13,100
2023-09-14,615
2023-09-14,541
2023-09-14,1938
2023-09-14,1929
2023-09-14,242
2023-09-15,326
2023-09-15,1436
2023-09-15,1752
2023-09-15,1048
2023-09-15,1425
2023-09-15,1777
2023-09-15,559
2023-09-16,650
2023-09-16,492
2023-09-16,1990
2023-09-17,944
2023-09-17,1330
2023-09-17,309
2023-09-17,1238
2023-09-17,1860
2023-09-17,745
2023-09-18,318
2023-09-18,506
2023-09-18,1566
2023-09-18,1726
2023-09-18,1477
2023-09-19,600
2023-09-19,939
2023-09-19,801
2023-09-19,1670
2023-09-19,1782
2023-09-19,1665
2023-09-20,695
2023-09-20,380
2023-09-20,523
2023-09-20,955
2023-09-20,369
2023-09-21,713
2023-09-21,1850
2023-09-21,761
2023-09-21,182
2023-09-22,998
2023-09-22,1549
2023-09-22,1398
2023-09-22,1836
2023-09-22,383
2023-09-23,272
2023-09-23,1450
2023-09-23,1841
2023-09-23,1186
2023-09-23,1196
2023-09-23,862
2023-09-24,1498
2023-09-24,732
2023-09-24,1631
2023-09-24,886
2023-09-24,1042
2023-09-24,1111
2023-09-25,1952
2023-09-25,775
2023-09-25,1035
2023-09-25,564
2023-09-25,385
2023-09-25,364
2023-09-25,419
2023-09-26,1499
2023-09-26,919
2023-09-26,188
2023-09-27,920
2023-09-27,1862
2023-09-27,1100
2023-09-27,433
2023-09-27,321
2023-09-28,1831
2023-09-28,167
2023-09-28,1087
2023-09-29,1996
2023-09-29,1760
2023-09-29,1745
2023-09-29,1721
2023-09-30,1755
2023-09-30,1250
2023-09-30,1378
2023-10-01,1185
2023-10-01,980
2023-10-01,531
2023-10-01,1793
2023-10-01,367
2023-10-01,1158
2023-10-01,878
2023-10-02,1592
2023-10-02,1890
2023-10-02,760
2023-10-02,1448
2023-10-03,1992
2023-10-03,1807
2023-10-03,1112
2023-10-03,1324
2023-10-03,1568
2023-10-03,1447
2023-10-04,1076
2023-10-04,581
2023-10-04,827
2023-10-04,579
2023-10-04,1188
2023-10-05,442
2023-10-05,1554
2023-10-05,1547
2023-10-05,431
2023-10-05,537
2023-10-05,1711
2023-10-05,273
2023-10-06,758
2023-10-06,125
2023-10-06,919
2023-10-07,505
2023-10-07,331
2023-10-07,632
2023-10-07,1942
2023-10-07,1673
2023-10-07,1911
2023-10-07,604
2023-10-08,278
2023-10-08,231
2023-10-08,1946
2023-10-08,1578
2023-10-08,447
2023-10-08,639
2023-10-08,871
2023-10-09,678
2023-10-09,953
2023-10-09,1615
2023-10-09,293
2023-10-09,1285
2023-10-09,446
2023-10-10,1892
2023-10-10,1707
2023-10-10,1210
2023-10-11,1845
2023-10-11,672
2023-10-11,879
2023-10-12,382
2023-10-12,1771
2023-10-12,1590
2023-10-12,1503
2023-10-13,1572
2023-10-13,540
2023-10-13,192
2023-10-13,1744
2023-10-14,966
2023-10-14,1547
2023-10-14,241
2023-10-15,1555
2023-10-15,848
2023-10-15,1975
2023-10-15,1947
2023-10-15,1812
2023-10-16,800
2023-10-16,1097
2023-10-16,148
2023-10-16,1425
2023-10-16,980
2023-10-16,1313
2023-10-16,1259
2023-10-17,503
2023-10-17,991
2023-10-17,964
2023-10-17,701
2023-10-17,1930
2023-10-18,1880
2023-10-18,803
2023-10-18,417
2023-10-18,717
2023-10-18,1486
2023-10-18,1945
2023-10-18,481
2023-10-19,1900
2023-10-19,1467
2023-10-19,1672
2023-10-20,652
2023-10-20,1652
2023-10-20,955
2023-10-21,918
2023-10-21,1694
2023-10-21,282
2023-10-21,1164
2023-10-21,1674
2023-10-21,496
2023-10-21,1827
2023-10-22,1617
2023-10-22,1782
2023-10-22,1006
2023-10-22,1456
2023-10-22,226
2023-10-23,100
2023-10-23,1291
2023-10-23,1743
2023-10-23,118
2023-10-23,1455
2023-10-23,683
2023-10-23,555
2023-10-24,1232
2023-10-24,1391
2023-10-24,544
2023-10-24,1363
2023-10-24,1424
2023-10-24,701
2023-10-24,202
2023-10-25,1373
2023-10-25,1576
2023-10-25,619
2023-10-25,1276
2023-10-25,958
2023-10-25,273
2023-10-26,530
2023-10-26,826
2023-10-26,1812
2023-10-26,1810
2023-10-26,1975
2023-10-26,949
2023-10-26,1781
2023-10-27,1447
2023-10-27,1089
2023-10-27,1796
2023-10-27,738
2023-10-28,693
2023-10-28,584
2023-10-28,1782
2023-10-28,1874
2023-10-28,511
2023-10-28,1035
2023-10-29,1236
2023-10-29,1860
2023-10-29,431
2023-10-29,1501
2023-10-29,1878
2023-10-29,754
2023-10-30,1893
2023-10-30,1058
2023-10-30,1920
2023-10-31,301
2023-10-31,549
2023-10-31,1942
2023-11-01,1389
2023-11-01,1009
2023-11-01,309
2023-11-01,662
2023-11-01,1241
2023-11-02,1500
2023-11-02,1674
2023-11-02,1663
2023-11-03,1207
2023-11-03,553
2023-11-03,766
2023-11-03,728
2023-11-03,1637
2023-11-04,1801
2023-11-04,486
2023-11-04,1473
2023-11-04,395
2023-11-04,357
2023-11-04,1204
2023-11-04,367
2023-11-05,334
2023-11-05,1956
2023-11-05,1434
2023-11-05,1936
2023-11-05,1085
2023-11-06,1336
2023-11-06,673
2023-11-06,148
2023-11-06,1250
2023-11-06,322
2023-11-06,1020
2023-11-06,1402
2023-11-07,1417
2023-11-07,1919
2023-11-07,376
2023-11-08,1781
2023-11-08,519
2023-11-08,710
2023-11-08,1552
2023-11-08,474
2023-11-09,1757
2023-11-09,1153
2023-11-09,1311
2023-11-10,1989
2023-11-10,1923
2023-11-10,1574
2023-11-10,294
2023-11-10,1279
2023-11-10,1295
2023-11-11,1186
2023-11-11,122
2023-11-11,459
2023-11-12,659
2023-11-12,771
2023-11-12,1948
2023-11-12,1241
2023-11-12,1735
2023-11-13,778
2023-11-13,1413
2023-11-13,539
2023-11-13,1791
2023-11-13,1032
2023-11-13,106
2023-11-14,520
2023-11-14,1691
2023-11-14,932
2023-11-14,1316
2023-11-14,658
2023-11-14,1271
2023-11-15,1792
2023-11-15,1325
2023-11-15,1567
2023-11-15,1013
2023-11-15,1542
2023-11-16,1106
2023-11-16,1602
2023-11-16,1598
2023-11-16,225
2023-11-16,494
2023-11-17,980
2023-11-17,1929
2023-11-17,675
2023-11-18,1515
2023-11-18,1029
2023-11-18,1811
2023-11-18,1751
2023-11-18,1563
2023-11-18,1327
2023-11-18,1609
2023-11-19,1154
2023-11-19,1511
2023-11-19,1748
2023-11-20,1557
2023-11-20,936
2023-11-20,1025
2023-11-20,1499
2023-11-20,1467
2023-11-20,542
2023-11-20,1702
2023-11-21,656
2023-11-21,1895
2023-11-21,1789
2023-11-21,1278
2023-11-21,1553
2023-11-22,547
2023-11-22,1357
2023-11-22,1686
2023-11-22,1941
2023-11-22,361
2023-11-23,224
2023-11-23,1010
2023-11-23,344
2023-11-23,641
2023-11-23,584
2023-11-24,224
2023-11-24,1672
2023-11-24,269
2023-11-24,223
2023-11-25,1158
2023-11-25,1210
2023-11-25,745
2023-11-25,1831
2023-11-25,885
2023-11-25,300
2023-11-25,468
2023-11-26,176
2023-11-26,158
2023-11-26,530
2023-11-26,737
2023-11-26,1623
2023-11-26,208
2023-11-26,1859
2023-11-27,1192
2023-11-27,1288
2023-11-27,1612
2023-11-27,404
2023-11-27,773
2023-11-27,464
2023-11-28,1502
2023-11-28,442
2023-11-28,1046
2023-11-28,998
2023-11-28,1677
2023-11-28,1477
2023-11-28,1539
2023-11-29,1686
2023-11-29,861
2023-11-29,1620
2023-11-29,440
2023-11-29,1041
2023-11-29,482
2023-11-29,1103
2023-11-30,399
2023-11-30,238
2023-11-30,458
2023-11-30,935
2023-11-30,1622
2023-11-30,1508
2023-11-30,1727
2023-12-01,582
2023-12-01,1008
2023-12-01,1234
2023-12-01,965
2023-12-01,238
2023-12-01,1095
2023-12-01,534
2023-12-02,372
2023-12-02,1222
2023-12-02,1887
2023-12-02,1973
2023-12-02,203
2023-12-02,1337
2023-12-02,1884
2023-12-03,886
2023-12-03,264
2023-12-03,1098
2023-12-03,1976
2023-12-04,616
2023-12-04,756
2023-12-04,712
2023-12-04,263
2023-12-04,1782
2023-12-04,163
2023-12-05,1240
2023-12-05,1989
2023-12-05,366
2023-12-05,1945
2023-12-05,1808
2023-12-06,345
2023-12-06,1784
2023-12-06,1881
2023-12-06,494
2023-12-06,1610
2023-12-06,575
2023-12-07,1076
2023-12-07,1307
2023-12-07,1143
2023-12-07,657
2023-12-07,1117
2023-12-07,1647
2023-12-07,1705
2023-12-08,982
2023-12-08,246
2023-12-08,765
2023-12-09,1871
2023-12-09,919
2023-12-09,963
2023-12-09,681
2023-12-09,1122
2023-12-09,794
2023-12-10,1351
2023-12-10,1225
2023-12-10,1710
2023-12-10,1540
2023-12-11,814
2023-12-11,803
2023-12-11,860
2023-12-11,598
2023-12-11,1877
2023-12-12,1814
2023-12-12,1073
2023-12-12,1854
2023-12-13,703
2023-12-13,1810
2023-12-13,1874
2023-12-13,871
2023-12-14,262
2023-12-14,1171
2023-12-14,610
2023-12-14,1452
2023-12-14,1963
2023-12-14,215
2023-12-14,1040
2023-12-15,436
2023-12-15,980
2023-12-15,836
2023-12-16,1698
2023-12-16,1929
2023-12-16,1446
2023-12-16,542
2023-12-16,936
2023-12-17,1042
2023-12-17,1617
2023-12-17,1824
2023-12-17,386
2023-12-17,819
2023-12-17,1237
2023-12-17,579
2023-12-18,1849
2023-12-18,782
2023-12-18,1958
2023-12-18,1689
2023-12-18,1005
2023-12-18,1933
2023-12-18,419
2023-12-19,1327
2023-12-19,293
2023-12-19,1804
2023-12-19,1787
2023-12-19,1670
2023-12-19,795
2023-12-19,1409
2023-12-20,1857
2023-12-20,1426
2023-12-20,1286
2023-12-21,1493
2023-12-21,363
2023-12-21,893
2023-12-21,212
2023-12-21,1611
2023-12-22,1188
2023-12-22,1415
2023-12-22,124
2023-12-22,1672
2023-12-22,100
2023-12-23,240
2023-12-23,1867
2023-12-23,747
2023-12-23,287
2023-12-23,1251
2023-12-23,300
2023-12-23,1250
2023-12-24,1799
2023-12-24,646
2023-12-24,293
2023-12-25,901
2023-12-25,1041
2023-12-25,1507
2023-12-26,513
2023-12-26,1481
2023-12-26,1198
2023-12-26,1478
2023-12-26,1707
2023-12-26,1894
2023-12-27,1808
2023-12-27,1413
2023-12-27,144
2023-12-27,1696
2023-12-27,182
2023-12-27,1246
2023-12-28,1035
2023-12-28,1780
2023-12-28,474
2023-12-28,261
2023-12-29,1503
2023-12-29,1779
2023-12-29,1481
2023-12-29,1311
2023-12-30,549
2023-12-30,1597
2023-12-30,1136
2023-12-30,283
2023-12-31,1413
2023-12-31,394
2023-12-31,1574
2023-12-31,1003
2023-12-31,1338
2023-12-31,1073
2024-01-01,1753
2024-01-01,832
2024-01-01,1354
2024-01-01,1688
2024-01-01,1930
2024-01-02,1012
2024-01-02,1356
2024-01-02,1793
2024-01-03,880
2024-01-03,1656
2024-01-03,1526
2024-01-03,1176
2024-01-03,1910
2024-01-03,1436
2024-01-03,1404
2024-01-04,282
2024-01-04,1146
2024-01-04,643
2024-01-05,1133
2024-01-05,1607
2024-01-05,1579
2024-01-05,1689
2024-01-06,759
2024-01-06,259
2024-01-06,1137
2024-01-06,1301
2024-01-06,511
2024-01-06,1111
2024-01-07,507
2024-01-07,946
2024-01-07,1145
2024-01-07,1153
2024-01-07,802
2024-01-07,359
2024-01-07,1328
2024-01-08,1594
2024-01-08,875
2024-01-08,1589
2024-01-08,1135
2024-01-08,1754
2024-01-09,949
2024-01-09,1883
2024-01-09,453
2024-01-09,1762
2024-01-10,972
2024-01-10,1839
2024-01-10,1684
2024-01-10,1714
2024-01-10,1564
2024-01-11,1117
2024-01-11,1984
2024-01-11,1277
2024-01-12,1219
2024-01-12,1849
2024-01-12,393
2024-01-12,308
2024-01-13,1899
2024-01-13,489
2024-01-13,424
2024-01-13,1039
2024-01-14,1955
2024-01-14,1280
2024-01-14,767
2024-01-15,732
2024-01-15,676
2024-01-15,1742
2024-01-15,1782
2024-01-15,236
2024-01-16,1797
2024-01-16,527
2024-01-16,1575
2024-01-16,711
2024-01-16,1973
2024-01-17,240
2024-01-17,1206
2024-01-17,276
2024-01-17,297
2024-01-17,723
2024-01-18,790
2024-01-18,1544
2024-01-18,500
2024-01-18,1821
2024-01-18,570
2024-01-18,317
2024-01-19,1028
2024-01-19,1951
2024-01-19,1852
2024-01-19,731
2024-01-19,1050
2024-01-19,1005
2024-01-19,274
2024-01-20,334
2024-01-20,1136
2024-01-20,1224
2024-01-20,1028
2024-01-20,1659
2024-01-20,1999
2024-01-20,622
2024-01-21,1575
2024-01-21,530
2024-01-21,892
2024-01-22,632
2024-01-22,1975
2024-01-22,1078
2024-01-23,1775
2024-01-23,1416
2024-01-23,909
2024-01-23,1012
2024-01-23,1224
2024-01-24,1123
2024-01-24,1676
2024-01-24,1478
2024-01-24,1426
2024-01-24,1619
2024-01-24,1781
2024-01-25,1359
2024-01-25,972
2024-01-25,991
2024-01-25,1578
2024-01-25,1136
2024-01-26,840
2024-01-26,496
2024-01-26,1223
2024-01-26,130
2024-01-27,1651
2024-01-27,748
2024-01-27,428
2024-01-27,1289
2024-01-28,1945
2024-01-28,1051
2024-01-28,1223
2024-01-28,720
2024-01-28,1978
2024-01-29,1872
2024-01-29,261
2024-01-29,1851
2024-01-29,875
2024-01-29,1386
2024-01-29,1927
2024-01-29,373
2024-01-30,1151
2024-01-30,425
2024-01-30,1039
2024-01-30,1272
2024-01-30,639
2024-01-31,455
2024-01-31,1656
2024-01-31,1375
2024-02-01,326
2024-02-01,1648
2024-02-01,1436
2024-02-01,148
2024-02-01,217
2024-02-02,664
2024-02-02,1167
2024-02-02,1938
2024-02-02,152
2024-02-03,657
2024-02-03,1648
2024-02-03,1800
2024-02-03,1225
2024-02-04,1972
2024-02-04,967
2024-02-04,497
2024-02-04,1261
2024-02-05,486
2024-02-05,210
2024-02-05,713
2024-02-05,116
2024-02-05,1903
2024-02-06,1659
2024-02-06,640
2024-02-06,270
2024-02-06,508
2024-02-06,839
2024-02-06,1501
2024-02-07,957
2024-02-07,329
2024-02-07,1956
2024-02-07,1975
2024-02-07,218
2024-02-07,1279
2024-02-08,203
2024-02-08,1727
2024-02-08,797
2024-02-09,1918
2024-02-09,1625
2024-02-09,1816
2024-02-09,1805
2024-02-09,1822
2024-02-09,274
2024-02-10,1797
2024-02-10,1544
2024-02-10,1257
2024-02-11,764
2024-02-11,132
2024-02-11,154
2024-02-11,618
2024-02-11,855
2024-02-11,1948
2024-02-11,1761
2024-02-12,1651
2024-02-12,819
2024-02-12,654
2024-02-12,472
2024-02-12,583
2024-02-12,1072
2024-02-13,722
2024-02-13,406
2024-02-13,556
2024-02-13,259
2024-02-13,430
2024-02-13,875
2024-02-14,1082
2024-02-14,828
2024-02-14,1627
2024-02-15,1337
2024-02-15,1182
2024-02-15,743
2024-02-15,715
2024-02-15,294
2024-02-15,588
2024-02-15,256
2024-02-16,1349
2024-02-16,511
2024-02-16,1328
2024-02-16,1202
2024-02-17,570
2024-02-17,1341
2024-02-17,615
2024-02-17,1725
2024-02-17,1227
2024-02-17,492
2024-02-18,1947
2024-02-18,707
2024-02-18,1079
2024-02-18,533
2024-02-18,1454
2024-02-18,1266
2024-02-18,1923
2024-02-19,377
2024-02-19,332
2024-02-19,1652
2024-02-19,1694
2024-02-19,1213
2024-02-19,1615
2024-02-20,1564
2024-02-20,125
2024-02-20,1148
2024-02-20,1517
2024-02-21,1424
2024-02-21,1462
2024-02-21,366
2024-02-21,560
2024-02-21,1816
2024-02-22,1106
2024-02-22,962
2024-02-22,1535
2024-02-22,590
2024-02-22,1956
2024-02-22,1172
2024-02-23,1225
2024-02-23,315
2024-02-23,1561
2024-02-23,1823
2024-02-23,1692
2024-02-23,658
2024-02-24,785
2024-02-24,1365
2024-02-24,893
2024-02-25,104
2024-02-25,1719
2024-02-25,1943
2024-02-26,558
2024-02-26,347
2024-02-26,1689
2024-02-27,1045
2024-02-27,521
2024-02-27,1861
2024-02-28,1245
2024-02-28,376
2024-02-28,1681
2024-02-28,552
2024-02-28,1513
2024-02-28,1417
2024-02-28,1697
2024-02-29,1713
2024-02-29,813
2024-02-29,401
2024-02-29,1346
2024-03-01,1089
2024-03-01,1641
2024-03-01,1216
2024-03-01,619
2024-03-01,1551
2024-03-02,1358
2024-03-02,719
2024-03-02,1284
2024-03-02,1844
2024-03-02,1875
2024-03-02,430
2024-03-02,432
2024-03-03,1646
2024-03-03,962
2024-03-03,1791
2024-03-03,1615
2024-03-04,371
2024-03-04,679
2024-03-04,1990
2024-03-05,659
2024-03-05,795
2024-03-05,1955
2024-03-05,1822
2024-03-05,1213
2024-03-05,545
2024-03-06,1455
2024-03-06,1262
2024-03-06,456
2024-03-07,373
2024-03-07,1142
2024-03-07,410
2024-03-08,253
2024-03-08,1513
2024-03-08,1383
2024-03-08,719
2024-03-09,896
2024-03-09,1694
2024-03-09,224
2024-03-09,1477
2024-03-09,1396
2024-03-10,1934
2024-03-10,344
2024-03-10,947
2024-03-10,549
2024-03-10,1029
2024-03-11,461
2024-03-11,107
2024-03-11,577
2024-03-11,1475
2024-03-11,594
2024-03-11,1729
2024-03-11,932
2024-03-12,1162
2024-03-12,692
2024-03-12,286
2024-03-12,1719
2024-03-12,1723
2024-03-13,1977
2024-03-13,192
2024-03-13,185
2024-03-13,1167
2024-03-14,520
2024-03-14,173
2024-03-14,1671
2024-03-15,1635
2024-03-15,1279
2024-03-15,1378
2024-03-15,270
2024-03-15,1851
2024-03-15,269
2024-03-15,1887
2024-03-16,1690
2024-03-16,555
2024-03-16,1043
2024-03-16,1726
2024-03-17,1278
2024-03-17,988
2024-03-17,448
2024-03-17,1574
2024-03-17,1999
2024-03-17,1776
2024-03-17,1296
2024-03-18,839
2024-03-18,1388
2024-03-18,1561
2024-03-18,1883
2024-03-19,645
2024-03-19,1622
2024-03-19,228
2024-03-19,1795
2024-03-19,700
2024-03-20,426
2024-03-20,1876
2024-03-20,1958
2024-03-20,1079
2024-03-20,503
2024-03-20,728
2024-03-20,1729
2024-03-21,1734
2024-03-21,1748
2024-03-21,1482
2024-03-21,1726
2024-03-21,1981
2024-03-22,373
2024-03-22,784
2024-03-22,215
2024-03-23,792
2024-03-23,1214
2024-03-23,1205
2024-03-23,423
2024-03-23,1060
2024-03-23,213
2024-03-23,1892
2024-03-24,253
2024-03-24,1527
2024-03-24,1751
2024-03-24,1978
2024-03-25,414
2024-03-25,1838
2024-03-25,1164
2024-03-25,204
2024-03-26,1316
2024-03-26,1524
2024-03-26,1401
2024-03-26,453
2024-03-26,1115
2024-03-26,1872
2024-03-26,832
2024-03-27,808
2024-03-27,1379
2024-03-27,750
2024-03-27,923
2024-03-27,1046
2024-03-27,760
2024-03-28,687
2024-03-28,381
2024-03-28,502
2024-03-28,1232
2024-03-28,799
2024-03-29,651
2024-03-29,1768
2024-03-29,504
2024-03-29,561
2024-03-30,890
2024-03-30,973
2024-03-30,183
2024-03-30,1522
2024-03-30,853
2024-03-30,727
2024-03-31,320
2024-03-31,652
2024-03-31,1491
2024-03-31,1270
2024-03-31,211
2024-03-31,714
2024-03-31,1681
2024-04-01,1617
2024-04-01,1628
2024-04-01,574
2024-04-01,935
2024-04-01,370
2024-04-01,520
2024-04-02,806
2024-04-02,1490
2024-04-02,1403
2024-04-03,139
2024-04-03,288
2024-04-03,1287
2024-04-03,1093
2024-04-03,1659
2024-04-04,1127
2024-04-04,1958
2024-04-04,389
2024-04-04,532
2024-04-05,1371
2024-04-05,727
2024-04-05,378
2024-04-05,976
2024-04-05,680
2024-04-05,962
2024-04-05,353
2024-04-06,1953
2024-04-06,780
2024-04-06,924
2024-04-06,1632
2024-04-06,1884
2024-04-06,799
2024-04-06,665
2024-04-07,1948
2024-04-07,1773
2024-04-07,779
2024-04-07,490
2024-04-07,1738
2024-04-07,1208
2024-04-07,1440
2024-04-08,1638
2024-04-08,483
2024-04-08,1814
2024-04-08,441
2024-04-08,1938
2024-04-08,943
2024-04-09,1634
2024-04-09,519
2024-04-09,850
2024-04-09,1292
2024-04-09,1466
2024-04-10,405
2024-04-10,1665
2024-04-10,801
2024-04-10,968
2024-04-11,1235
2024-04-11,1534
2024-04-11,305
2024-04-12,1505
2024-04-12,595
2024-04-12,1502
2024-04-13,1674
2024-04-13,1651
2024-04-13,603
2024-04-13,1145
2024-04-13,312
2024-04-13,409
2024-04-14,852
2024-04-14,371
2024-04-14,1694
2024-04-14,1922
2024-04-14,1037
2024-04-14,1325
2024-04-14,131
2024-04-15,261
2024-04-15,866
2024-04-15,353
2024-04-15,620
2024-04-15,1076
2024-04-16,1603
2024-04-16,109
2024-04-16,825
2024-04-16,604
2024-04-16,884
2024-04-17,1683
2024-04-17,535
2024-04-17,1234
2024-04-17,252
2024-04-17,1758
2024-04-17,1016
2024-04-18,1225
2024-04-18,852
2024-04-18,1956
2024-04-18,1314
2024-04-18,1852
2024-04-18,662
2024-04-18,1927
2024-04-19,588
2024-04-19,994
2024-04-19,1211
2024-04-20,203
2024-04-20,1906
2024-04-20,1219
2024-04-20,1546
2024-04-21,1321
2024-04-21,1124
2024-04-21,1106
2024-04-21,506
2024-04-21,1501
2024-04-22,1761
2024-04-22,412
2024-04-22,1716
2024-04-22,1541
2024-04-22,862
2024-04-22,780
2024-04-22,576
2024-04-23,1264
2024-04-23,681
2024-04-23,361
2024-04-24,1431
2024-04-24,344
2024-04-24,1638
2024-04-24,1460
2024-04-24,1698
2024-04-24,660
2024-04-25,274
2024-04-25,208
2024-04-25,282
2024-04-25,291
2024-04-25,164
2024-04-25,1972
2024-04-26,1597
2024-04-26,1906
2024-04-26,1223
2024-04-26,1667
2024-04-26,963
2024-04-27,468
2024-04-27,950
2024-04-27,142
2024-04-27,1542
2024-04-27,587
2024-04-27,177
2024-04-28,1924
2024-04-28,1393
2024-04-28,773
2024-04-28,800
2024-04-29,827
2024-04-29,1438
2024-04-29,1024
2024-04-29,1974
2024-04-29,1001
2024-04-29,988
2024-04-30,1291
2024-04-30,438
2024-04-30,292
2024-05-01,382
2024-05-01,1459
2024-05-01,489
2024-05-01,1099
2024-05-01,624
2024-05-01,1363
2024-05-01,1955
2024-05-02,758
2024-05-02,815
2024-05-02,1715
2024-05-02,990
2024-05-02,1678
2024-05-03,1212
2024-05-03,1783
2024-05-03,1218
2024-05-03,551
2024-05-04,1274
2024-05-04,1637
2024-05-04,1499
2024-05-04,1145
2024-05-04,982
2024-05-04,412
2024-05-05,939
2024-05-05,618
2024-05-05,1329
2024-05-05,474
2024-05-05,550
2024-05-05,1749
2024-05-05,1907
2024-05-06,1302
2024-05-06,1333
2024-05-06,599
2024-05-06,563
2024-05-06,1963
2024-05-07,212
2024-05-07,1135
2024-05-07,1249
2024-05-07,1688
2024-05-07,430
2024-05-07,1406
2024-05-08,1524
2024-05-08,1001
2024-05-08,1220
2024-05-08,616
2024-05-08,668
2024-05-08,945
2024-05-09,217
2024-05-09,987
2024-05-09,1182
2024-05-09,1156
2024-05-09,1441
2024-05-09,149
2024-05-09,1612
2024-05-10,825
2024-05-10,296
2024-05-10,1573
2024-05-10,658
2024-05-10,1802
2024-05-11,388
2024-05-11,1264
2024-05-11,1207
2024-05-11,1817
2024-05-11,490
2024-05-11,1714
2024-05-12,227
2024-05-12,1945
2024-05-12,1600
2024-05-12,859
2024-05-12,503
2024-05-13,1915
2024-05-13,437
2024-05-13,930
2024-05-13,813
2024-05-13,460
2024-05-13,668
2024-05-13,1515
2024-05-14,1697
2024-05-14,1792
2024-05-14,301
2024-05-14,116
2024-05-15,617
2024-05-15,1693
2024-05-15,1448
2024-05-15,1535
2024-05-16,1205
2024-05-16,1597
2024-05-16,1591
2024-05-17,1854
2024-05-17,1812
2024-05-17,1327
2024-05-18,486
2024-05-18,877
2024-05-18,197
2024-05-18,1468
2024-05-18,1926
2024-05-19,1759
2024-05-19,1915
2024-05-19,685
2024-05-19,265
2024-05-20,1562
2024-05-20,1418
2024-05-20,318
2024-05-20,768
2024-05-21,652
2024-05-21,1049
2024-05-21,247
2024-05-21,1231
2024-05-21,502
2024-05-21,695
2024-05-22,466
2024-05-22,1957
2024-05-22,1537
2024-05-22,1432
2024-05-22,901
2024-05-23,1257
2024-05-23,1842
2024-05-23,1406
2024-05-23,1901
2024-05-23,172
2024-05-24,1475
2024-05-24,659
2024-05-24,1449
2024-05-25,1566
2024-05-25,199
2024-05-25,1182
2024-05-26,357
2024-05-26,512
2024-05-26,1575
2024-05-26,1188
2024-05-26,694
2024-05-26,1277
2024-05-27,365
2024-05-27,920
2024-05-27,1202
2024-05-28,761
2024-05-28,1046
2024-05-28,659
2024-05-28,1016
2024-05-28,990
2024-05-29,709
2024-05-29,513
2024-05-29,124
2024-05-29,383
2024-05-29,1572
2024-05-29,980
2024-05-30,1191
2024-05-30,1130
2024-05-30,916
2024-05-30,1260
2024-05-30,1287
2024-05-30,182
2024-05-30,1773
2024-05-31,1196
2024-05-31,1360
2024-05-31,145
2024-05-31,717
2024-05-31,1027
2024-05-31,1923
2024-06-01,941
2024-06-01,469
2024-06-01,1918
2024-06-02,1542
2024-06-02,1879
2024-06-02,1630
2024-06-02,1464
2024-06-03,466
2024-06-03,1394
2024-06-03,743
2024-06-04,478
2024-06-04,172
2024-06-04,1014
2024-06-04,1371
2024-06-04,959
2024-06-04,1908
2024-06-04,142
2024-06-05,1164
2024-06-05,269
2024-06-05,311
2024-06-06,1803
2024-06-06,138
2024-06-06,468
2024-06-06,856
2024-06-06,250
2024-06-06,1234
2024-06-06,1603
2024-06-07,1170
2024-06-07,1123
2024-06-07,1698
2024-06-07,836
2024-06-07,1489
2024-06-07,168
2024-06-08,1043
2024-06-08,901
2024-06-08,395
2024-06-08,302
2024-06-08,160
2024-06-09,1062
2024-06-09,1953
2024-06-09,1437
2024-06-09,1284
2024-06-10,1651
2024-06-10,437
2024-06-10,1729
2024-06-10,1427
2024-06-10,1626
2024-06-11,1461
2024-06-11,1673
2024-06-11,738
2024-06-11,374
2024-06-12,1566
2024-06-12,418
2024-06-12,688
2024-06-12,603
2024-06-12,1809
2024-06-12,486
2024-06-13,969
2024-06-13,932
2024-06-13,1114
2024-06-13,702
2024-06-14,593
2024-06-14,589
2024-06-14,820
2024-06-14,1196
2024-06-14,608
2024-06-15,1980
2024-06-15,394
2024-06-15,1492
2024-06-15,895
2024-06-15,964
2024-06-16,748
2024-06-16,1973
2024-06-16,667
2024-06-16,1310
2024-06-16,952
2024-06-16,869
2024-06-16,544
2024-06-17,462
2024-06-17,222
2024-06-17,1311
2024-06-17,841
2024-06-18,779
2024-06-18,519
2024-06-18,1749
2024-06-18,1375
2024-06-19,1672
2024-06-19,1458
2024-06-19,191
2024-06-19,1653
2024-06-19,1989
2024-06-20,1821
2024-06-20,1308
2024-06-20,1328
2024-06-20,871
2024-06-20,1337
2024-06-21,974
2024-06-21,921
2024-06-21,187
2024-06-21,1959
2024-06-21,1087
2024-06-21,1330
2024-06-21,1252
2024-06-22,1073
2024-06-22,1033
2024-06-22,1877
2024-06-22,220
2024-06-22,1508
2024-06-23,1107
2024-06-23,1024
2024-06-23,744
2024-06-23,813
2024-06-23,959
2024-06-23,120
2024-06-23,341
2024-06-24,720
2024-06-24,402
2024-06-24,1719
2024-06-24,1718
2024-06-24,902
2024-06-25,168
2024-06-25,1252
2024-06-25,295
2024-06-25,239
2024-06-25,1567
2024-06-25,382
2024-06-26,1658
2024-06-26,1788
2024-06-26,376
2024-06-26,160
2024-06-27,151
2024-06-27,1979
2024-06-27,252
2024-06-27,1872
2024-06-28,1671
2024-06-28,721
2024-06-28,1300
2024-06-28,1485
2024-06-28,413
2024-06-28,906
2024-06-28,947
2024-06-29,980
2024-06-29,1336
2024-06-29,928
2024-06-30,1129
2024-06-30,1110
2024-06-30,208
2024-07-01,1162
2024-07-01,761
2024-07-01,524
2024-07-01,729
2024-07-01,360
2024-07-02,186
2024-07-02,564
2024-07-02,175
2024-07-02,570
2024-07-03,513
2024-07-03,924
2024-07-03,994
2024-07-03,825
2024-07-03,556
2024-07-04,1362
2024-07-04,1800
2024-07-04,1722
2024-07-04,752
2024-07-04,771
2024-07-04,1681
2024-07-04,1495
2024-07-05,1524
2024-07-05,1370
2024-07-05,1739
2024-07-05,696
2024-07-05,549
2024-07-05,584
2024-07-05,745
2024-07-06,1141
2024-07-06,1729
2024-07-06,761
2024-07-06,857
2024-07-06,388
2024-07-06,1537
2024-07-07,737
2024-07-07,334
2024-07-07,515
2024-07-08,598
2024-07-08,1073
2024-07-08,733
2024-07-08,1773
2024-07-09,214
2024-07-09,1031
2024-07-09,773
2024-07-09,1836
2024-07-09,1357
2024-07-09,1663
2024-07-10,305
2024-07-10,1802
2024-07-10,346
2024-07-10,1682
2024-07-10,857
2024-07-11,217
2024-07-11,1505
2024-07-11,511
2024-07-11,1787
2024-07-11,1707
2024-07-12,1632
2024-07-12,236
2024-07-12,1298
2024-07-12,1412
2024-07-12,1057
2024-07-13,118
2024-07-13,294
2024-07-13,429
2024-07-14,548
2024-07-14,1045
2024-07-14,1477
2024-07-14,1622
2024-07-15,857
2024-07-15,1029
2024-07-15,192
2024-07-15,338
2024-07-15,304
2024-07-15,659
2024-07-15,1556
2024-07-16,931
2024-07-16,1440
2024-07-16,1024
2024-07-16,394
2024-07-16,739
2024-07-16,955
2024-07-16,1405
2024-07-17,170
2024-07-17,1392
2024-07-17,1448
2024-07-18,404
2024-07-18,1574
2024-07-18,1130
2024-07-18,1437
2024-07-19,1226
2024-07-19,920
2024-07-19,292
2024-07-20,1697
2024-07-20,628
2024-07-20,270
2024-07-21,350
2024-07-21,1888
2024-07-21,1510
2024-07-22,1752
2024-07-22,515
2024-07-22,893
2024-07-22,1503
2024-07-22,1267
2024-07-22,124
2024-07-22,1945
2024-07-23,1196
2024-07-23,731
2024-07-23,1947
2024-07-23,1956
2024-07-23,1216
2024-07-23,604
2024-07-24,598
2024-07-24,1487
2024-07-24,1046
2024-07-25,1322
2024-07-25,817
2024-07-25,1536
2024-07-26,758
2024-07-26,1061
2024-07-26,528
2024-07-26,1906
2024-07-26,998
2024-07-27,1816
2024-07-27,1041
2024-07-27,641
2024-07-27,156
2024-07-27,1355
2024-07-28,534
2024-07-28,483
2024-07-28,659
2024-07-28,293
2024-07-29,850
2024-07-29,284
2024-07-29,1995
2024-07-29,391
2024-07-29,1458
2024-07-29,831
2024-07-30,924
2024-07-30,1172
2024-07-30,784
2024-07-30,181
2024-07-30,933
2024-07-30,432
2024-07-31,434
2024-07-31,631
2024-07-31,320
2024-07-31,734
2024-07-31,1869
2024-07-31,1856
2024-07-31,422
2024-08-01,102
2024-08-01,1817
2024-08-01,305
2024-08-01,1955
2024-08-01,139
2024-08-02,1050
2024-08-02,673
2024-08-02,743
2024-08-02,1630
2024-08-02,1695
2024-08-03,942
2024-08-03,1245
2024-08-03,1602
2024-08-03,718
2024-08-03,195
2024-08-03,1982
2024-08-04,997
2024-08-04,1185
2024-08-04,1379
2024-08-04,660
2024-08-04,1004
2024-08-05,770
2024-08-05,1247
2024-08-05,1605
2024-08-05,416
2024-08-05,1627
2024-08-05,818
2024-08-06,1259
2024-08-06,1324
2024-08-06,349
2024-08-07,1992
2024-08-07,1491
2024-08-07,1552
2024-08-07,1953
2024-08-08,1623
2024-08-08,1844
2024-08-08,1478
2024-08-08,584
2024-08-09,1827
2024-08-09,143
2024-08-09,1664
2024-08-09,670
2024-08-09,682
2024-08-10,1388
2024-08-10,994
2024-08-10,319
2024-08-10,1024
2024-08-10,1565
2024-08-10,500
2024-08-11,1912
2024-08-11,1699
2024-08-11,957
2024-08-11,903
2024-08-11,589
2024-08-12,1880
2024-08-12,1593
2024-08-12,1697
2024-08-12,1037
2024-08-12,943
2024-08-12,1805
2024-08-12,1568
2024-08-13,366
2024-08-13,153
2024-08-13,627
2024-08-13,1643
2024-08-13,715
2024-08-13,1182
2024-08-13,1948
2024-08-14,1054
2024-08-14,485
2024-08-14,1729
2024-08-14,833
2024-08-14,815
2024-08-14,749
2024-08-14,399
2024-08-15,1330
2024-08-15,1459
2024-08-15,692
2024-08-15,1853
2024-08-15,613
2024-08-16,495
2024-08-16,470
2024-08-16,957
2024-08-16,890
2024-08-17,1441
2024-08-17,835
2024-08-17,1492
2024-08-17,483
2024-08-18,338
2024-08-18,294
2024-08-18,777
2024-08-19,1345
2024-08-19,160
2024-08-19,1252
2024-08-19,1089
2024-08-19,784
2024-08-20,1501
2024-08-20,1745
2024-08-20,1904
2024-08-20,1022
2024-08-20,967
2024-08-20,1002
2024-08-21,1098
2024-08-21,1560
2024-08-21,1074
2024-08-21,1330
2024-08-22,1603
2024-08-22,1914
2024-08-22,986
2024-08-22,937
2024-08-22,1463
2024-08-22,1992
2024-08-23,303
2024-08-23,260
2024-08-23,1663
2024-08-23,491
2024-08-23,868
2024-08-23,1800
2024-08-24,504
2024-08-24,707
2024-08-24,1798
2024-08-24,1714
2024-08-24,1640
2024-08-24,927
2024-08-24,1243
2024-08-25,1811
2024-08-25,1001
2024-08-25,1340
2024-08-25,155
2024-08-26,1627
2024-08-26,1867
2024-08-26,1890
2024-08-26,554
2024-08-26,203
2024-08-27,329
2024-08-27,1381
2024-08-27,1387
2024-08-27,430
2024-08-27,1305
2024-08-27,992
2024-08-27,1891
2024-08-28,1399
2024-08-28,1775
2024-08-28,398
2024-08-28,1056
2024-08-28,898
2024-08-29,579
2024-08-29,672
2024-08-29,557
2024-08-29,1574
2024-08-29,464
2024-08-30,1798
2024-08-30,450
2024-08-30,1778
2024-08-30,1523
2024-08-30,352
2024-08-31,902
2024-08-31,1111
2024-08-31,558
2024-08-31,1822
2024-08-31,1016
2024-08-31,598
2024-08-31,1049
2024-09-01,607
2024-09-01,1427
2024-09-01,600
2024-09-01,902
2024-09-01,697
2024-09-02,1556
2024-09-02,1091
2024-09-02,1479
2024-09-02,1818
2024-09-03,1565
2024-09-03,1478
2024-09-03,614
2024-09-03,1331
2024-09-03,808
2024-09-04,1248
2024-09-04,237
2024-09-04,438
2024-09-04,636
2024-09-04,167
2024-09-04,1696
2024-09-04,1664
2024-09-05,782
2024-09-05,1573
2024-09-05,173
2024-09-05,672
2024-09-05,1038
2024-09-06,1399
2024-09-06,1171
2024-09-06,310
2024-09-07,1745
2024-09-07,1093
2024-09-07,794
2024-09-07,639
2024-09-07,1832
2024-09-08,1000
2024-09-08,1686
2024-09-08,1784
2024-09-08,879
2024-09-08,1685
2024-09-09,1881
2024-09-09,1236
2024-09-09,269
2024-09-09,1591
2024-09-09,1801
2024-09-09,1137
2024-09-10,387
2024-09-10,288
2024-09-10,1013
2024-09-10,1278
2024-09-10,1690
2024-09-11,987
2024-09-11,570
2024-09-11,1198
2024-09-11,376
2024-09-12,1768
2024-09-12,1466
2024-09-12,1548
2024-09-12,670
2024-09-12,1634
2024-09-12,956
2024-09-13,1305
2024-09-13,557
2024-09-13,1017
2024-09-14,932
2024-09-14,1187
2024-09-14,938
2024-09-14,1383
2024-09-14,292
2024-09-15,505
2024-09-15,1849
2024-09-15,1877
2024-09-15,1042
2024-09-15,820
2024-09-15,192
2024-09-16,1527
2024-09-16,533
2024-09-16,1235
2024-09-16,474
2024-09-17,1166
2024-09-17,306
2024-09-17,879
2024-09-17,1419
2024-09-17,1241
2024-09-18,1345
2024-09-18,265
2024-09-18,742
2024-09-18,1279
2024-09-18,1307
2024-09-18,189
2024-09-19,1072
2024-09-19,1957
2024-09-19,904
2024-09-19,1044
2024-09-19,841
2024-09-19,1957
2024-09-19,1927
2024-09-20,1710
2024-09-20,975
2024-09-20,1934
2024-09-20,1273
2024-09-21,1131
2024-09-21,1152
2024-09-21,395
2024-09-21,1085
2024-09-21,1025
2024-09-21,1844
2024-09-22,727
2024-09-22,538
2024-09-22,1267
2024-09-22,1041
2024-09-22,929
2024-09-22,1870
2024-09-23,1054
2024-09-23,1362
2024-09-23,1051
2024-09-23,1043
2024-09-23,254
2024-09-23,1304
2024-09-23,1338
2024-09-24,1030
2024-09-24,278
2024-09-24,311
2024-09-25,1357
2024-09-25,564
2024-09-25,1874
2024-09-25,1346
2024-09-25,730
2024-09-25,924
2024-09-25,1387
2024-09-26,1857
2024-09-26,465
2024-09-26,375
2024-09-26,479
2024-09-26,1866
2024-09-26,1432
2024-09-26,1754
2024-09-27,1044
2024-09-27,1908
2024-09-27,1187
2024-09-27,909
2024-09-27,1473
2024-09-27,1024
2024-09-28,593
2024-09-28,1646
2024-09-28,1221
2024-09-28,1194
2024-09-28,463
2024-09-29,1925
2024-09-29,862
2024-09-29,375
2024-09-29,149
2024-09-30,1027
2024-09-30,663
2024-09-30,882
2024-09-30,584
2024-10-01,1928
2024-10-01,1761
2024-10-01,1931
2024-10-01,683
2024-10-01,1419
2024-10-01,335
2024-10-02,209
2024-10-02,291
2024-10-02,1003
2024-10-02,1216
2024-10-02,961
2024-10-03,749
2024-10-03,138
2024-10-03,1663
2024-10-03,1172
2024-10-03,1543
2024-10-03,736
2024-10-04,135
2024-10-04,200
2024-10-04,1917
2024-10-04,1209
2024-10-04,1639
2024-10-04,1346
2024-10-04,1461
2024-10-05,130
2024-10-05,1498
2024-10-05,110
2024-10-05,1425
2024-10-06,291
2024-10-06,585
2024-10-06,1389
2024-10-06,1547
2024-10-06,1251
2024-10-06,337
2024-10-06,1478
2024-10-07,1235
2024-10-07,1951
2024-10-07,1569
2024-10-07,1466
2024-10-07,1268
2024-10-07,1188
2024-10-08,924
2024-10-08,1562
2024-10-08,205
2024-10-08,280
2024-10-09,876
2024-10-09,889
2024-10-09,1212
2024-10-09,787
2024-10-10,1494
2024-10-10,1071
2024-10-10,1035
2024-10-10,1522
2024-10-11,1394
2024-10-11,930
2024-10-11,1626
2024-10-11,778
2024-10-12,948
2024-10-12,1155
2024-10-12,492
2024-10-12,139
2024-10-12,759
2024-10-12,1341
2024-10-12,1854
2024-10-13,1205
2024-10-13,944
2024-10-13,1843
2024-10-13,300
2024-10-13,546
2024-10-13,1967
2024-10-13,1551
2024-10-14,543
2024-10-14,1450
2024-10-14,860
2024-10-14,326
2024-10-14,147
2024-10-15,1011
2024-10-15,1562
2024-10-15,1930
2024-10-15,1831
2024-10-16,444
2024-10-16,323
2024-10-16,929
2024-10-16,587
2024-10-16,976
2024-10-17,1352
2024-10-17,1513
2024-10-17,1078
2024-10-18,1116
2024-10-18,287
2024-10-18,1981
2024-10-18,369
2024-10-18,1730
2024-10-18,409
2024-10-18,1255
2024-10-19,1674
2024-10-19,1195
2024-10-19,1916
2024-10-19,944
2024-10-19,1795
2024-10-19,1310
2024-10-20,152
2024-10-20,1857
2024-10-20,1574
2024-10-20,1535
2024-10-20,1766
2024-10-20,1360
2024-10-21,819
2024-10-21,505
2024-10-21,707
2024-10-21,1120
2024-10-22,105
2024-10-22,1329
2024-10-22,1667
2024-10-23,1005
2024-10-23,486
2024-10-23,1891
2024-10-23,798
2024-10-23,1199
2024-10-24,926
2024-10-24,1922
2024-10-24,448
2024-10-25,1825
2024-10-25,407
2024-10-25,1468
2024-10-25,1250
2024-10-25,386
2024-10-25,865
2024-10-25,824
2024-10-26,1719
2024-10-26,1610
2024-10-26,482
2024-10-26,1529
2024-10-27,624
2024-10-27,1680
2024-10-27,738
2024-10-27,1037
2024-10-27,1749
2024-10-27,375
2024-10-28,816
2024-10-28,436
2024-10-28,1031
2024-10-28,580
2024-10-28,1010
2024-10-28,1396
2024-10-29,1451
2024-10-29,1854
2024-10-29,208
2024-10-29,1402
2024-10-30,1597
2024-10-30,1234
2024-10-30,798
2024-10-30,880
2024-10-30,1352
2024-10-31,255
2024-10-31,1596
2024-10-31,1824
2024-11-01,857
2024-11-01,821
2024-11-01,1634
2024-11-01,1012
2024-11-02,707
2024-11-02,597
2024-11-02,1856
2024-11-02,337
2024-11-02,1217
2024-11-02,1461
2024-11-02,880
2024-11-03,705
2024-11-03,760
2024-11-03,1747
2024-11-03,1690
2024-11-03,948
2024-11-04,727
2024-11-04,242
2024-11-04,1324
2024-11-04,1303
2024-11-04,813
2024-11-05,578
2024-11-05,664
2024-11-05,570
2024-11-05,483
2024-11-05,1815
2024-11-05,1025
2024-11-06,1948
2024-11-06,407
2024-11-06,748
2024-11-07,1167
2024-11-07,838
2024-11-07,1966
2024-11-08,1843
2024-11-08,1388
2024-11-08,1923
2024-11-08,1906
2024-11-09,1604
2024-11-09,1360
2024-11-09,1073
2024-11-09,1116
2024-11-09,1052
2024-11-09,1003
2024-11-10,1313
2024-11-10,1391
2024-11-10,1444
2024-11-10,206
2024-11-10,1355
2024-11-11,1825
2024-11-11,982
2024-11-11,238
2024-11-11,714
2024-11-12,962
2024-11-12,372
2024-11-12,1604
2024-11-12,515
2024-11-12,605
2024-11-13,1848
2024-11-13,1976
2024-11-13,523
2024-11-13,1530
2024-11-13,1691
2024-11-13,489
2024-11-13,441
2024-11-14,713
2024-11-14,592
2024-11-14,291
2024-11-14,598
2024-11-15,326
2024-11-15,1494
2024-11-15,238
2024-11-16,1272
2024-11-16,1238
2024-11-16,1573
2024-11-17,970
2024-11-17,767
2024-11-17,372
2024-11-17,1129
2024-11-17,1270
2024-11-18,1673
2024-11-18,1242
2024-11-18,392
2024-11-18,1494
2024-11-18,1367
2024-11-18,1703
2024-11-19,276
2024-11-19,1422
2024-11-19,1799
2024-11-19,157
2024-11-20,407
2024-11-20,1693
2024-11-20,1411
2024-11-20,1076
2024-11-20,1228
2024-11-20,1351
2024-11-20,1370
2024-11-21,1617
2024-11-21,182
2024-11-21,1309
2024-11-21,351
2024-11-21,1478
2024-11-21,1873
2024-11-22,895
2024-11-22,996
2024-11-22,309
2024-11-22,915
2024-11-22,1931
2024-11-23,546
2024-11-23,559
2024-11-23,1067
2024-11-24,999
2024-11-24,1615
2024-11-24,1022
2024-11-24,236
2024-11-25,1410
2024-11-25,571
2024-11-25,1498
2024-11-25,753
2024-11-25,848
2024-11-25,636
2024-11-26,1702
2024-11-26,1373
2024-11-26,1019
2024-11-26,609
2024-11-27,1196
2024-11-27,1405
2024-11-27,1015
2024-11-27,1483
2024-11-28,1334
2024-11-28,1958
2024-11-28,251
2024-11-28,1128
2024-11-29,1406
2024-11-29,563
2024-11-29,1236
2024-11-29,370
2024-11-29,1286
2024-11-30,204
2024-11-30,1816
2024-11-30,1679
2024-11-30,1405
2024-11-30,1810
2024-11-30,261
2024-12-01,951
2024-12-01,239
2024-12-01,1594
2024-12-01,1255
2024-12-02,1369
2024-12-02,1724
2024-12-02,1701
2024-12-03,1501
2024-12-03,248
2024-12-03,1084
2024-12-03,951
2024-12-03,1556
2024-12-04,1849
2024-12-04,1592
2024-12-04,545
2024-12-04,1604
2024-12-04,983
2024-12-04,393
2024-12-05,1266
2024-12-05,349
2024-12-05,977
2024-12-05,1047
2024-12-05,1074
2024-12-05,1425
2024-12-05,1148
2024-12-06,1083
2024-12-06,988
2024-12-06,989
2024-12-06,169
2024-12-06,724
2024-12-06,974
2024-12-06,1235
2024-12-07,1426
2024-12-07,570
2024-12-07,190
2024-12-07,629
2024-12-07,760
2024-12-07,838
2024-12-08,1675
2024-12-08,1365
2024-12-08,237
2024-12-08,444
2024-12-08,1303
2024-12-09,1835
2024-12-09,602
2024-12-09,302
2024-12-10,291
2024-12-10,104
2024-12-10,1360
2024-12-10,1816
2024-12-10,410
2024-12-10,648
2024-12-10,155
2024-12-11,1360
2024-12-11,969
2024-12-11,1984
2024-12-11,1320
2024-12-11,684
2024-12-12,851
2024-12-12,1637
2024-12-12,1572
2024-12-12,459
2024-12-12,1823
2024-12-13,129
2024-12-13,1902
2024-12-13,207
2024-12-13,943
2024-12-13,1725
2024-12-14,990
2024-12-14,1059
2024-12-14,1568
2024-12-14,992
2024-12-14,1561
2024-12-14,831
2024-12-14,705
2024-12-15,714
2024-12-15,1858
2024-12-15,797
2024-12-16,1819
2024-12-16,1618
2024-12-16,773
2024-12-16,1370
2024-12-16,642
2024-12-16,1687
2024-12-16,956
2024-12-17,996
2024-12-17,1562
2024-12-17,377
2024-12-17,651
2024-12-17,1736
2024-12-17,210
2024-12-18,1956
2024-12-18,860
2024-12-18,1314
2024-12-19,793
2024-12-19,1549
2024-12-19,504
2024-12-19,1458
2024-12-20,121
2024-12-20,777
2024-12-20,710
2024-12-21,1331
2024-12-21,107
2024-12-21,801
2024-12-21,1810
2024-12-21,1908
2024-12-21,628
2024-12-21,701
2024-12-22,756
2024-12-22,265
2024-12-22,948
2024-12-22,595
2024-12-22,689
2024-12-22,528
2024-12-22,873
2024-12-23,465
2024-12-23,1649
2024-12-23,1362
2024-12-23,171
2024-12-23,1568
2024-12-24,1918
2024-12-24,368
2024-12-24,1876
2024-12-24,514
2024-12-24,1368
2024-12-24,1115
2024-12-24,774
2024-12-25,105
2024-12-25,1832
2024-12-25,1081
2024-12-25,669
2024-12-25,1940
2024-12-25,506
2024-12-26,125
2024-12-26,1938
2024-12-26,1128
2024-12-27,1655
2024-12-27,489
2024-12-27,809
2024-12-27,670
2024-12-28,245
2024-12-28,1511
2024-12-28,884
2024-12-28,1372
2024-12-29,1002
2024-12-29,483
2024-12-29,655
2024-12-29,986
2024-12-29,1522
2024-12-29,118
2024-12-29,674
2024-12-30,850
2024-12-30,1103
2024-12-30,518
2024-12-30,1460
2024-12-30,518
2024-12-31,1735
2024-12-31,1798
2024-12-31,221
2024-12-31,531
2024-12-31,143
